[
    {
        "pk": 2,
        "model": "auth.User",
        "fields": {
            "password": "pbkdf2_sha256$216000$uz3f30maLjKI$jfBZmdwbmVI6uK1Bd499FXnhDkNBC7cWCo9yXWbZ+fs=",
            "is_superuser": false,
            "username": "teacherusertest",
            "first_name": "\u00cdngrid",
            "last_name": "Vergara",
            "email": "manuserrano@gmail.com",
            "is_staff": false,
            "date_joined": "2021-04-24 18:45:19+0000"
        }
    },
    {
        "pk": 3,
        "model": "auth.User",
        "fields": {
            "password": "pbkdf2_sha256$216000$jZ4r4rHgXTHH$YNEI8Ro8OOD/g6BbLuoiwjIwpq+NiYs1LEnbtIgYQb4=",
            "is_superuser": false,
            "username": "rafael20",
            "first_name": "Josefina",
            "last_name": "Prat",
            "email": "narcisaizquierdo@yahoo.com",
            "is_staff": false,
            "date_joined": "2021-04-24 18:45:19+0000"
        }
    },
    {
        "pk": 4,
        "model": "auth.User",
        "fields": {
            "password": "pbkdf2_sha256$216000$oASvipvCZQmu$lR8MtFz9fmTuOBl060wMDve9q2uQ7Q1i2EF1k+YhjdU=",
            "is_superuser": false,
            "username": "sabasrico",
            "first_name": "Prudencio",
            "last_name": "Torre",
            "email": "xgiron@hotmail.com",
            "is_staff": false,
            "date_joined": "2021-04-24 18:45:19+0000"
        }
    },
    {
        "pk": 5,
        "model": "auth.User",
        "fields": {
            "password": "pbkdf2_sha256$216000$O5fki8yPAYMi$B2JXdoGs9Z1gWk/cjT1Ij2XF+c3mTAgNxkU1pv2jLJg=",
            "is_superuser": false,
            "username": "trinidad86",
            "first_name": "Heriberto",
            "last_name": "Herrera",
            "email": "ofeliaespada@gmail.com",
            "is_staff": false,
            "date_joined": "2021-04-24 18:45:19+0000"
        }
    },
    {
        "pk": 6,
        "model": "auth.User",
        "fields": {
            "password": "pbkdf2_sha256$216000$kpheI1vEdGXF$fjk3EjXmhm5pZcBGTzsqxcDEGv1aPEcwV08qm7qgOAo=",
            "is_superuser": false,
            "username": "arizajaime",
            "first_name": "Roxana",
            "last_name": "Cerezo",
            "email": "eladioriba@yahoo.com",
            "is_staff": false,
            "date_joined": "2021-04-24 18:45:19+0000"
        }
    },
    {
        "pk": 7,
        "model": "auth.User",
        "fields": {
            "password": "pbkdf2_sha256$216000$ZFqtSb5mBE1H$GBE1BYPOxmsItY+4XRasEaJiyGmwFm6sVwQ5VkEsQoM=",
            "is_superuser": false,
            "username": "pedrazajose-manuel",
            "first_name": "Ramiro",
            "last_name": "Marqu\u00e9s",
            "email": "anastasio19@yahoo.com",
            "is_staff": false,
            "date_joined": "2021-04-24 18:45:19+0000"
        }
    },
    {
        "pk": 8,
        "model": "auth.User",
        "fields": {
            "password": "pbkdf2_sha256$216000$QyX4cbPchxOa$BhyQiu9smb2dq4P+jXu0o9vwoM4EatJ4i4Wjqmv4kf8=",
            "is_superuser": false,
            "username": "ignacio32",
            "first_name": "Felipe",
            "last_name": "Plana",
            "email": "vicente32@yahoo.com",
            "is_staff": false,
            "date_joined": "2021-04-24 18:45:19+0000"
        }
    },
    {
        "pk": 9,
        "model": "auth.User",
        "fields": {
            "password": "pbkdf2_sha256$216000$aJCmbuUOWiha$W2JMDBFtCQA4pBhOrRicZ1aGFNEHt9oIx6vZ4sQo4sE=",
            "is_superuser": false,
            "username": "nicolasaesparza",
            "first_name": "Flor",
            "last_name": "Cid",
            "email": "nroman@gmail.com",
            "is_staff": false,
            "date_joined": "2021-04-24 18:45:19+0000"
        }
    },
    {
        "pk": 2,
        "model": "corrigeapp.TEACHER",
        "fields": {
            "profile_ptr_id": 2,
            "subjects": [
                1,
                2,
                3,
                4
            ]
        }
    },
    {
        "pk": 2,
        "model": "corrigeapp.PROFILE",
        "fields": {
            "birthdate": "1980-01-01",
            "initials": "ELZ",
            "role": "TEACHER",
            "user": 2
        }
    },
    {
        "pk": 3,
        "model": "corrigeapp.TEACHER",
        "fields": {
            "profile_ptr_id": 3
        }
    },
    {
        "pk": 3,
        "model": "corrigeapp.PROFILE",
        "fields": {
            "birthdate": "1980-01-01",
            "initials": "LDY",
            "role": "TEACHER",
            "user": 3
        }
    },
    {
        "pk": 4,
        "model": "corrigeapp.TEACHER",
        "fields": {
            "profile_ptr_id": 4
        }
    },
    {
        "pk": 4,
        "model": "corrigeapp.PROFILE",
        "fields": {
            "birthdate": "1980-01-01",
            "initials": "MYK",
            "role": "TEACHER",
            "user": 4
        }
    },
    {
        "pk": 5,
        "model": "corrigeapp.TEACHER",
        "fields": {
            "profile_ptr_id": 5
        }
    },
    {
        "pk": 5,
        "model": "corrigeapp.PROFILE",
        "fields": {
            "birthdate": "1980-01-01",
            "initials": "LLP",
            "role": "TEACHER",
            "user": 5
        }
    },
    {
        "pk": 6,
        "model": "corrigeapp.TEACHER",
        "fields": {
            "profile_ptr_id": 6
        }
    },
    {
        "pk": 6,
        "model": "corrigeapp.PROFILE",
        "fields": {
            "birthdate": "1980-01-01",
            "initials": "GU9",
            "role": "TEACHER",
            "user": 6
        }
    },
    {
        "pk": 7,
        "model": "corrigeapp.TEACHER",
        "fields": {
            "profile_ptr_id": 7
        }
    },
    {
        "pk": 7,
        "model": "corrigeapp.PROFILE",
        "fields": {
            "birthdate": "1980-01-01",
            "initials": "NRS",
            "role": "TEACHER",
            "user": 7
        }
    },
    {
        "pk": 8,
        "model": "corrigeapp.TEACHER",
        "fields": {
            "profile_ptr_id": 8
        }
    },
    {
        "pk": 8,
        "model": "corrigeapp.PROFILE",
        "fields": {
            "birthdate": "1980-01-01",
            "initials": "UXK",
            "role": "TEACHER",
            "user": 8
        }
    },
    {
        "pk": 9,
        "model": "corrigeapp.TEACHER",
        "fields": {
            "profile_ptr_id": 9
        }
    },
    {
        "pk": 9,
        "model": "corrigeapp.PROFILE",
        "fields": {
            "birthdate": "1980-01-01",
            "initials": "GNP",
            "role": "TEACHER",
            "user": 9
        }
    },
    {
        "pk": 1,
        "model": "auth.User",
        "fields": {
            "password": "pbkdf2_sha256$216000$S1MuBamWLNz8$YuUEUa8+iYciLY4OW6pGiUH27QcDrhq02TCYFMnlsA8=",
            "is_superuser": false,
            "username": "administrator",
            "first_name": "Francisco",
            "last_name": "Carballo",
            "email": "felicianajulian@gmail.com",
            "is_staff": false,
            "date_joined": "2021-04-24 18:45:20+0000"
        }
    },
    {
        "pk": 1,
        "model": "corrigeapp.ADMINISTRATOR",
        "fields": {
            "profile_ptr_id": 1
        }
    },
    {
        "pk": 1,
        "model": "corrigeapp.PROFILE",
        "fields": {
            "birthdate": "1980-01-01",
            "initials": "5ZP",
            "role": "ADMINISTRATOR",
            "user": 1
        }
    },
    {
        "pk": 1,
        "model": "corrigeapp.Student",
        "fields": {
            "name": "Julie",
            "surname": "Andres",
            "birthdate": "1980-01-01",
            "initials": "FKC"
        }
    },
    {
        "pk": 2,
        "model": "corrigeapp.Student",
        "fields": {
            "name": "Joaquina",
            "surname": "del",
            "birthdate": "1980-01-01",
            "initials": "VBC"
        }
    },
    {
        "pk": 3,
        "model": "corrigeapp.Student",
        "fields": {
            "name": "Isidora",
            "surname": "Monta\u00f1a",
            "birthdate": "1980-01-01",
            "initials": "MU2"
        }
    },
    {
        "pk": 4,
        "model": "corrigeapp.Student",
        "fields": {
            "name": "Isaura",
            "surname": "del",
            "birthdate": "1980-01-01",
            "initials": "VYV"
        }
    },
    {
        "pk": 5,
        "model": "corrigeapp.Student",
        "fields": {
            "name": "Berto",
            "surname": "Valero",
            "birthdate": "1980-01-01",
            "initials": "99X"
        }
    },
    {
        "pk": 6,
        "model": "corrigeapp.Student",
        "fields": {
            "name": "Beatriz",
            "surname": "del",
            "birthdate": "1980-01-01",
            "initials": "UVE"
        }
    },
    {
        "pk": 7,
        "model": "corrigeapp.Student",
        "fields": {
            "name": "Nazario",
            "surname": "Villanueva-Aragon\u00e9s",
            "birthdate": "1980-01-01",
            "initials": "4SY"
        }
    },
    {
        "pk": 8,
        "model": "corrigeapp.Student",
        "fields": {
            "name": "Miguela",
            "surname": "Ribes",
            "birthdate": "1980-01-01",
            "initials": "4LC"
        }
    },
    {
        "pk": 9,
        "model": "corrigeapp.Student",
        "fields": {
            "name": "\u00c1gata",
            "surname": "Mar\u00eda",
            "birthdate": "1980-01-01",
            "initials": "KDV"
        }
    },
    {
        "pk": 10,
        "model": "corrigeapp.Student",
        "fields": {
            "name": "Jacinta",
            "surname": "Yaiza",
            "birthdate": "1980-01-01",
            "initials": "XVA"
        }
    },
    {
        "pk": 11,
        "model": "corrigeapp.Student",
        "fields": {
            "name": "Lupe",
            "surname": "Costa-Sol\u00e9",
            "birthdate": "1980-01-01",
            "initials": "IYQ"
        }
    },
    {
        "pk": 12,
        "model": "corrigeapp.Student",
        "fields": {
            "name": "Dimas",
            "surname": "Baeza",
            "birthdate": "1980-01-01",
            "initials": "ALP"
        }
    },
    {
        "pk": 13,
        "model": "corrigeapp.Student",
        "fields": {
            "name": "Marcelino",
            "surname": "Porfirio",
            "birthdate": "1980-01-01",
            "initials": "MYV"
        }
    },
    {
        "pk": 14,
        "model": "corrigeapp.Student",
        "fields": {
            "name": "Pascuala",
            "surname": "Cuervo",
            "birthdate": "1980-01-01",
            "initials": "SOY"
        }
    },
    {
        "pk": 15,
        "model": "corrigeapp.Student",
        "fields": {
            "name": "Marciano",
            "surname": "Barros",
            "birthdate": "1980-01-01",
            "initials": "3ON"
        }
    },
    {
        "pk": 16,
        "model": "corrigeapp.Student",
        "fields": {
            "name": "Camilo",
            "surname": "Ad\u00e1n",
            "birthdate": "1980-01-01",
            "initials": "UKG"
        }
    },
    {
        "pk": 17,
        "model": "corrigeapp.Student",
        "fields": {
            "name": "Josu\u00e9",
            "surname": "C\u00f3zar",
            "birthdate": "1980-01-01",
            "initials": "IBD"
        }
    },
    {
        "pk": 18,
        "model": "corrigeapp.Student",
        "fields": {
            "name": "Amelia",
            "surname": "Abril",
            "birthdate": "1980-01-01",
            "initials": "UBN"
        }
    },
    {
        "pk": 19,
        "model": "corrigeapp.Student",
        "fields": {
            "name": "Teodora",
            "surname": "Pi\u00f1eiro",
            "birthdate": "1980-01-01",
            "initials": "0TE"
        }
    },
    {
        "pk": 20,
        "model": "corrigeapp.Student",
        "fields": {
            "name": "Delia",
            "surname": "Andreu",
            "birthdate": "1980-01-01",
            "initials": "HMB"
        }
    },
    {
        "pk": 21,
        "model": "corrigeapp.Student",
        "fields": {
            "name": "Toni",
            "surname": "Galv\u00e1n",
            "birthdate": "1980-01-01",
            "initials": "VUX"
        }
    },
    {
        "pk": 22,
        "model": "corrigeapp.Student",
        "fields": {
            "name": "Ram\u00f3n",
            "surname": "Salmer\u00f3n",
            "birthdate": "1980-01-01",
            "initials": "4VM"
        }
    },
    {
        "pk": 23,
        "model": "corrigeapp.Student",
        "fields": {
            "name": "Albert",
            "surname": "Pi",
            "birthdate": "1980-01-01",
            "initials": "N7Z"
        }
    },
    {
        "pk": 24,
        "model": "corrigeapp.Student",
        "fields": {
            "name": "Primitiva",
            "surname": "Benitez",
            "birthdate": "1980-01-01",
            "initials": "ASJ"
        }
    },
    {
        "pk": 25,
        "model": "corrigeapp.Student",
        "fields": {
            "name": "Perlita",
            "surname": "del",
            "birthdate": "1980-01-01",
            "initials": "9OS"
        }
    },
    {
        "pk": 26,
        "model": "corrigeapp.Student",
        "fields": {
            "name": "Rodrigo",
            "surname": "Bernat",
            "birthdate": "1980-01-01",
            "initials": "VRT"
        }
    },
    {
        "pk": 27,
        "model": "corrigeapp.Student",
        "fields": {
            "name": "Prudencia",
            "surname": "del",
            "birthdate": "1980-01-01",
            "initials": "EFI"
        }
    },
    {
        "pk": 28,
        "model": "corrigeapp.Student",
        "fields": {
            "name": "Salud",
            "surname": "Hern\u00e1ndez",
            "birthdate": "1980-01-01",
            "initials": "175"
        }
    },
    {
        "pk": 29,
        "model": "corrigeapp.Student",
        "fields": {
            "name": "Mar\u00eda",
            "surname": "Jos\u00e9",
            "birthdate": "1980-01-01",
            "initials": "BDF"
        }
    },
    {
        "pk": 30,
        "model": "corrigeapp.Student",
        "fields": {
            "name": "Amalia",
            "surname": "Rosenda",
            "birthdate": "1980-01-01",
            "initials": "QAP"
        }
    },
    {
        "pk": 1,
        "model": "corrigeapp.Competence",
        "fields": {
            "code": "CC1",
            "name": "Comunicaci\u00f3n ling\u00fc\u00edstica",
            "description": "3\u00ba ESO",
            "level": 3
        }
    },
    {
        "pk": 2,
        "model": "corrigeapp.Competence",
        "fields": {
            "code": "CC2",
            "name": "Competencia matem\u00e1tica y competencias b\u00e1sicas en ciencia y tecnolog\u00eda",
            "description": "3\u00ba ESO",
            "level": 3
        }
    },
    {
        "pk": 3,
        "model": "corrigeapp.Competence",
        "fields": {
            "code": "CC3",
            "name": "Competencia digital",
            "description": "3\u00ba ESO",
            "level": 3
        }
    },
    {
        "pk": 4,
        "model": "corrigeapp.Competence",
        "fields": {
            "code": "CC4",
            "name": "Aprender a aprender",
            "description": "3\u00ba ESO",
            "level": 3
        }
    },
    {
        "pk": 5,
        "model": "corrigeapp.Competence",
        "fields": {
            "code": "CC5",
            "name": "Competencias sociales y c\u00edvicas",
            "description": "3\u00ba ESO",
            "level": 3
        }
    },
    {
        "pk": 6,
        "model": "corrigeapp.Competence",
        "fields": {
            "code": "CC6",
            "name": "Sentido de la iniciativa y esp\u00edritu emprendedor",
            "description": "3\u00ba ESO",
            "level": 3
        }
    },
    {
        "pk": 7,
        "model": "corrigeapp.Competence",
        "fields": {
            "code": "CC7",
            "name": "Conciencia y expresiones culturales",
            "description": "3\u00ba ESO",
            "level": 3
        }
    },
    {
        "pk": 8,
        "model": "corrigeapp.Competence",
        "fields": {
            "code": "CC1",
            "name": "Comunicaci\u00f3n ling\u00fc\u00edstica",
            "description": "4\u00ba ESO",
            "level": 3
        }
    },
    {
        "pk": 9,
        "model": "corrigeapp.Competence",
        "fields": {
            "code": "CC2",
            "name": "Competencia matem\u00e1tica y competencias b\u00e1sicas en ciencia y tecnolog\u00eda",
            "description": "4\u00ba ESO",
            "level": 3
        }
    },
    {
        "pk": 10,
        "model": "corrigeapp.Competence",
        "fields": {
            "code": "CC3",
            "name": "Competencia digital",
            "description": "4\u00ba ESO",
            "level": 3
        }
    },
    {
        "pk": 11,
        "model": "corrigeapp.Competence",
        "fields": {
            "code": "CC4",
            "name": "Aprender a aprender",
            "description": "4\u00ba ESO",
            "level": 3
        }
    },
    {
        "pk": 12,
        "model": "corrigeapp.Competence",
        "fields": {
            "code": "CC5",
            "name": "Competencias sociales y c\u00edvicas",
            "description": "4\u00ba ESO",
            "level": 3
        }
    },
    {
        "pk": 13,
        "model": "corrigeapp.Competence",
        "fields": {
            "code": "CC6",
            "name": "Sentido de la iniciativa y esp\u00edritu emprendedor",
            "description": "4\u00ba ESO",
            "level": 3
        }
    },
    {
        "pk": 14,
        "model": "corrigeapp.Competence",
        "fields": {
            "code": "CC7",
            "name": "Conciencia y expresiones culturales",
            "description": "4\u00ba ESO",
            "level": 3
        }
    },
    {
        "pk": 15,
        "model": "corrigeapp.Competence",
        "fields": {
            "code": "FQ3 1.1",
            "name": "Reconocer e identificar las caracter\u00edsticas del m\u00e9todo cient\u00edfico.",
            "description": "FQ 3\u00ba ESO",
            "weight": 0.15,
            "subject_weight": 0.15,
            "level": 2,
            "parent": [
                2
            ]
        }
    },
    {
        "pk": 16,
        "model": "corrigeapp.Competence",
        "fields": {
            "code": "FQ3 1.1.1",
            "name": "Formula hip\u00f3tesis para explicar fen\u00f3menos cotidianos utilizando teor\u00edas y modelos cient\u00edficos.",
            "description": "FQ 3\u00ba ESO",
            "weight": 0.15,
            "level": 1,
            "parent": [
                15
            ]
        }
    },
    {
        "pk": 17,
        "model": "corrigeapp.Competence",
        "fields": {
            "code": "FQ3 1.1.2",
            "name": "Registra observaciones, datos y resultados de manera organizada y rigurosa, y los comunica de forma oral y escrita utilizando esquemas, gr\u00e1ficos, tablas y expresiones matem\u00e1ticas.",
            "description": "FQ 3\u00ba ESO",
            "weight": 0.15,
            "level": 1,
            "parent": [
                15
            ]
        }
    },
    {
        "pk": 18,
        "model": "corrigeapp.Competence",
        "fields": {
            "code": "FQ3 1.2",
            "name": "Valorar la investigaci\u00f3n cient\u00edfica y su impacto en la industria y en el desarrollo de la sociedad.",
            "description": "FQ 3\u00ba ESO",
            "weight": 0.15,
            "subject_weight": 0.15,
            "level": 2,
            "parent": [
                1,
                5
            ]
        }
    },
    {
        "pk": 19,
        "model": "corrigeapp.Competence",
        "fields": {
            "code": "FQ3 1.2.1",
            "name": "Relaciona la investigaci\u00f3n cient\u00edfica con las aplicaciones tecnol\u00f3gicas en la vida cotidiana.",
            "description": "FQ 3\u00ba ESO",
            "weight": 0.15,
            "level": 1,
            "parent": [
                18
            ]
        }
    },
    {
        "pk": 20,
        "model": "corrigeapp.Competence",
        "fields": {
            "code": "FQ3 1.3",
            "name": "Conocer los procedimientos cient\u00edficos para determinar magnitudes.",
            "description": "FQ 3\u00ba ESO",
            "weight": 0.15,
            "subject_weight": 0.15,
            "level": 2,
            "parent": [
                2
            ]
        }
    },
    {
        "pk": 21,
        "model": "corrigeapp.Competence",
        "fields": {
            "code": "FQ3 1.3.1",
            "name": "Establece relaciones entre magnitudes y unidades utilizando, preferentemente, el Sistema Internacional de Unidades y la notaci\u00f3n cient\u00edfica para expresar los resultados.",
            "description": "FQ 3\u00ba ESO",
            "weight": 0.15,
            "level": 1,
            "parent": [
                20
            ]
        }
    },
    {
        "pk": 22,
        "model": "corrigeapp.Competence",
        "fields": {
            "code": "FQ3 1.4",
            "name": "Reconocer los materiales, e instrumentos b\u00e1sicos presentes en los laboratorios de F\u00edsica y Qu\u00edmica; conocer y respetar las normas de seguridad y de eliminaci\u00f3n de residuos para la protecci\u00f3n del medio ambiente.",
            "description": "FQ 3\u00ba ESO",
            "weight": 0.15,
            "subject_weight": 0.15,
            "level": 2,
            "parent": [
                2
            ]
        }
    },
    {
        "pk": 23,
        "model": "corrigeapp.Competence",
        "fields": {
            "code": "FQ3 1.4.1",
            "name": "Reconoce e identifica los s\u00edmbolos m\u00e1s frecuentes utilizados en el etiquetado de productos qu\u00edmicos e instalaciones, interpretando su significado.",
            "description": "FQ 3\u00ba ESO",
            "weight": 0.15,
            "level": 1,
            "parent": [
                22
            ]
        }
    },
    {
        "pk": 24,
        "model": "corrigeapp.Competence",
        "fields": {
            "code": "FQ3 1.4.2",
            "name": "Identifica material e instrumentos b\u00e1sicos de laboratorio y conoce su forma de utilizaci\u00f3n para la realizaci\u00f3n de experiencias respetando las normas de seguridad e identificando actitudes y medidas de actuaci\u00f3n preventivas.",
            "description": "FQ 3\u00ba ESO",
            "weight": 0.15,
            "level": 1,
            "parent": [
                22
            ]
        }
    },
    {
        "pk": 25,
        "model": "corrigeapp.Competence",
        "fields": {
            "code": "FQ3 1.5",
            "name": "Interpretar la informaci\u00f3n sobre temas cient\u00edficos de car\u00e1cter divulgativo que aparece en publicaciones y medios de comunicaci\u00f3n.",
            "description": "FQ 3\u00ba ESO",
            "weight": 0.15,
            "subject_weight": 0.15,
            "level": 2,
            "parent": [
                1,
                5
            ]
        }
    },
    {
        "pk": 26,
        "model": "corrigeapp.Competence",
        "fields": {
            "code": "FQ3 1.5.1",
            "name": "Selecciona, comprende e interpreta informaci\u00f3n relevante en un texto de divulgaci\u00f3n cient\u00edfica y transmite las conclusiones obtenidas utilizando el lenguaje oral y escrito con propiedad.",
            "description": "FQ 3\u00ba ESO",
            "weight": 0.15,
            "level": 1,
            "parent": [
                25
            ]
        }
    },
    {
        "pk": 27,
        "model": "corrigeapp.Competence",
        "fields": {
            "code": "FQ3 1.5.2",
            "name": "Identifica las principales caracter\u00edsticas ligadas a la fiabilidad y objetividad del flujo de informaci\u00f3n existente en internet y otros medios digitales.",
            "description": "FQ 3\u00ba ESO",
            "weight": 0.15,
            "level": 1,
            "parent": [
                25
            ]
        }
    },
    {
        "pk": 28,
        "model": "corrigeapp.Competence",
        "fields": {
            "code": "FQ3 1.6",
            "name": "Desarrollar y defender peque\u00f1os trabajos de investigaci\u00f3n en los que se ponga en pr\u00e1ctica la aplicaci\u00f3n del m\u00e9todo cient\u00edfico y la utilizaci\u00f3n de las TIC.",
            "description": "FQ 3\u00ba ESO",
            "weight": 0.15,
            "subject_weight": 0.15,
            "level": 2,
            "parent": [
                2
            ]
        }
    },
    {
        "pk": 29,
        "model": "corrigeapp.Competence",
        "fields": {
            "code": "FQ3 1.6.1",
            "name": "Realiza peque\u00f1os trabajos de investigaci\u00f3n sobre alg\u00fan tema objeto de estudio aplicando el m\u00e9todo cient\u00edfico, y utilizando las TIC para la b\u00fasqueda y selecci\u00f3n de informaci\u00f3n y presentaci\u00f3n de conclusiones.",
            "description": "FQ 3\u00ba ESO",
            "weight": 0.15,
            "level": 1,
            "parent": [
                28
            ]
        }
    },
    {
        "pk": 30,
        "model": "corrigeapp.Competence",
        "fields": {
            "code": "FQ3 1.6.2",
            "name": "Participa, valora, gestiona y respeta el trabajo individual y en equipo.",
            "description": "FQ 3\u00ba ESO",
            "weight": 0.15,
            "level": 1,
            "parent": [
                28
            ]
        }
    },
    {
        "pk": 31,
        "model": "corrigeapp.Competence",
        "fields": {
            "code": "FQ4 1.1",
            "name": "Reconocer que la investigaci\u00f3n en ciencia es una labor colectiva e interdisciplinar en constante evoluci\u00f3n e influida por el contexto econ\u00f3mico y pol\u00edtico.",
            "description": "FQ 4\u00ba ESO",
            "weight": 0.15,
            "subject_weight": 0.15,
            "level": 2,
            "parent": [
                11,
                12
            ]
        }
    },
    {
        "pk": 32,
        "model": "corrigeapp.Competence",
        "fields": {
            "code": "FQ4 1.2",
            "name": "Analizar el proceso que debe seguir una hip\u00f3tesis desde que se formula hasta que es aprobada por la comunidad cient\u00edfica.",
            "description": "FQ 4\u00ba ESO",
            "weight": 0.15,
            "subject_weight": 0.15,
            "level": 2,
            "parent": [
                9,
                11,
                12
            ]
        }
    },
    {
        "pk": 33,
        "model": "corrigeapp.Competence",
        "fields": {
            "code": "FQ4 1.3",
            "name": "Comprobar la necesidad de usar vectores para la definici\u00f3n de determinadas magnitudes.",
            "description": "FQ 4\u00ba ESO",
            "weight": 0.15,
            "subject_weight": 0.15,
            "level": 2,
            "parent": [
                9
            ]
        }
    },
    {
        "pk": 34,
        "model": "corrigeapp.Competence",
        "fields": {
            "code": "FQ4 1.4",
            "name": "Relacionar las magnitudes fundamentales con las derivadas a trav\u00e9s de ecuaciones de magnitudes.",
            "description": "FQ 4\u00ba ESO",
            "weight": 0.15,
            "subject_weight": 0.15,
            "level": 2,
            "parent": [
                9
            ]
        }
    },
    {
        "pk": 35,
        "model": "corrigeapp.Competence",
        "fields": {
            "code": "FQ4 1.5",
            "name": "Comprender que no es posible realizar medidas sin cometer errores y distinguir entre error absoluto y relativo.",
            "description": "FQ 4\u00ba ESO",
            "weight": 0.15,
            "subject_weight": 0.15,
            "level": 2,
            "parent": [
                9,
                11
            ]
        }
    },
    {
        "pk": 36,
        "model": "corrigeapp.Competence",
        "fields": {
            "code": "FQ4 1.6",
            "name": "Expresar el valor de una medida usando el redondeo, el n\u00famero de cifras significativas correctas y las unidades adecuadas.",
            "description": "FQ 4\u00ba ESO",
            "weight": 0.15,
            "subject_weight": 0.15,
            "level": 2,
            "parent": [
                9,
                11
            ]
        }
    },
    {
        "pk": 37,
        "model": "corrigeapp.Competence",
        "fields": {
            "code": "FQ4 1.7",
            "name": "Realizar e interpretar representaciones gr\u00e1ficas de procesos f\u00edsicos o qu\u00edmicos a partir de tablas de datos y de las leyes o principios involucrados.",
            "description": "FQ 4\u00ba ESO",
            "weight": 0.15,
            "subject_weight": 0.15,
            "level": 2,
            "parent": [
                9,
                11
            ]
        }
    },
    {
        "pk": 38,
        "model": "corrigeapp.Competence",
        "fields": {
            "code": "FQ4 1.8",
            "name": "Elaborar y defender un proyecto de investigaci\u00f3n, aplicando las TIC.",
            "description": "FQ 4\u00ba ESO",
            "weight": 0.15,
            "subject_weight": 0.15,
            "level": 2,
            "parent": [
                8,
                10,
                11,
                13
            ]
        }
    },
    {
        "pk": 1,
        "model": "corrigeapp.Subject",
        "fields": {
            "name": "F\u00edsica y Qu\u00edmica",
            "level": "3\u00ba",
            "grade": "SecondaryEducation",
            "description": "F\u00edsica y Qu\u00edmica",
            "competences": [
                2,
                15,
                16,
                17,
                18,
                19,
                20,
                21,
                22,
                23,
                24,
                25,
                26,
                27,
                28,
                29,
                30
            ]
        }
    },
    {
        "pk": 2,
        "model": "corrigeapp.Subject",
        "fields": {
            "name": "F\u00edsica y Qu\u00edmica",
            "level": "4\u00ba",
            "grade": "SecondaryEducation",
            "description": "F\u00edsica y Qu\u00edmica",
            "competences": [
                31,
                32,
                33,
                34,
                25,
                36,
                37,
                38
            ]
        }
    },
    {
        "pk": 3,
        "model": "corrigeapp.Subject",
        "fields": {
            "name": "Matem\u00e1ticas",
            "level": "3\u00ba",
            "grade": "SecondaryEducation",
            "description": "Matem\u00e1ticas",
            "competences": []
        }
    },
    {
        "pk": 4,
        "model": "corrigeapp.Subject",
        "fields": {
            "name": "Matem\u00e1ticas",
            "level": "4\u00ba",
            "grade": "SecondaryEducation",
            "description": "Matem\u00e1ticas",
            "competences": []
        }
    },
    {
        "pk": 1,
        "model": "corrigeapp.Set",
        "fields": {
            "name": "F\u00edsica y Q\u00faimica 3\u00baA ESO",
            "level": "3\u00ba",
            "grade": "SecondaryEducation",
            "line": "A",
            "evaluation_type_final": "BY_EVALUATION_RECOVERY",
            "evaluation_type_partial": "BY_RECOVERY_ACTIVITIES",
            "teacher": 2,
            "subject": 1,
            "evaluation": 1,
            "students": [
                1,
                2,
                3,
                4,
                5,
                6,
                7,
                8,
                9,
                10,
                11,
                12,
                13,
                14,
                15
            ]
        }
    },
    {
        "pk": 2,
        "model": "corrigeapp.Set",
        "fields": {
            "name": "Matem\u00e1ticas 3\u00baA ESO",
            "level": "3\u00ba",
            "grade": "SecondaryEducation",
            "line": "A",
            "evaluation_type_final": "BY_EVALUATION_RECOVERY",
            "evaluation_type_partial": "BY_RECOVERY_ACTIVITIES",
            "teacher": 2,
            "subject": 3,
            "evaluation": 9,
            "students": [
                1,
                2,
                3,
                4,
                5,
                6,
                7,
                8,
                9,
                10,
                11,
                12,
                13,
                14,
                15
            ]
        }
    },
    {
        "pk": 3,
        "model": "corrigeapp.Set",
        "fields": {
            "name": "F\u00edsica y Q\u00faimica 4\u00baA ESO",
            "level": "4\u00ba",
            "grade": "SecondaryEducation",
            "line": "A",
            "evaluation_type_final": "BY_EVALUATION_RECOVERY",
            "evaluation_type_partial": "BY_RECOVERY_ACTIVITIES",
            "teacher": 2,
            "subject": 2,
            "evaluation": 5,
            "students": [
                16,
                17,
                18,
                19,
                20,
                21,
                22,
                23,
                24,
                25,
                26,
                27,
                28,
                29,
                30
            ]
        }
    },
    {
        "pk": 4,
        "model": "corrigeapp.Set",
        "fields": {
            "name": "Matem\u00e1ticas 4\u00baA ESO",
            "level": "4\u00ba",
            "grade": "SecondaryEducation",
            "line": "A",
            "evaluation_type_final": "BY_EVALUATION_RECOVERY",
            "evaluation_type_partial": "BY_RECOVERY_ACTIVITIES",
            "teacher": 2,
            "subject": 4,
            "evaluation": 13,
            "students": [
                16,
                17,
                18,
                19,
                20,
                21,
                22,
                23,
                24,
                25,
                26,
                27,
                28,
                29,
                30
            ]
        }
    },
    {
        "pk": 1,
        "model": "corrigeapp.Evaluation",
        "fields": {
            "name": "F\u00edsica y Qu\u00edmica 3\u00ba ESO Final",
            "start_date": "2020-09-15",
            "end_date": "2021-06-19",
            "is_final": true,
            "period": "Final",
            "weight": 1,
            "subject": 1
        }
    },
    {
        "pk": 2,
        "model": "corrigeapp.Evaluation",
        "fields": {
            "name": "F\u00edsica y Qu\u00edmica 3\u00ba ESO 1er Cuatrimestre",
            "start_date": "2020-09-15",
            "end_date": "2020-12-22",
            "is_final": false,
            "period": "1st",
            "weight": 1,
            "parent": 1,
            "subject": 1
        }
    },
    {
        "pk": 3,
        "model": "corrigeapp.Evaluation",
        "fields": {
            "name": "F\u00edsica y Qu\u00edmica 3\u00ba ESO 2o Cuatrimestre",
            "start_date": "2021-01-07",
            "end_date": "2021-03-26",
            "is_final": false,
            "period": "2nd",
            "weight": 1,
            "parent": 1,
            "subject": 1
        }
    },
    {
        "pk": 4,
        "model": "corrigeapp.Evaluation",
        "fields": {
            "name": "F\u00edsica y Qu\u00edmica 3\u00ba ESO 3er Cuatrimestre",
            "start_date": "2021-04-05",
            "end_date": "2021-06-19",
            "is_final": false,
            "period": "3tr",
            "weight": 1,
            "parent": 1,
            "subject": 1
        }
    },
    {
        "pk": 5,
        "model": "corrigeapp.Evaluation",
        "fields": {
            "name": "F\u00edsica y Qu\u00edmica 4\u00ba ESO Final",
            "start_date": "2020-09-15",
            "end_date": "2021-06-19",
            "is_final": true,
            "period": "Final",
            "weight": 1,
            "subject": 2
        }
    },
    {
        "pk": 6,
        "model": "corrigeapp.Evaluation",
        "fields": {
            "name": "F\u00edsica y Qu\u00edmica 4\u00ba ESO 1er Cuatrimestre",
            "start_date": "2020-09-15",
            "end_date": "2020-12-22",
            "is_final": false,
            "period": "1st",
            "weight": 1,
            "parent": 5,
            "subject": 2
        }
    },
    {
        "pk": 7,
        "model": "corrigeapp.Evaluation",
        "fields": {
            "name": "F\u00edsica y Qu\u00edmica 4\u00ba ESO 2o Cuatrimestre",
            "start_date": "2021-01-07",
            "end_date": "2021-03-26",
            "is_final": false,
            "period": "2nd",
            "weight": 1,
            "parent": 5,
            "subject": 2
        }
    },
    {
        "pk": 8,
        "model": "corrigeapp.Evaluation",
        "fields": {
            "name": "F\u00edsica y Qu\u00edmica 4\u00ba ESO 3er Cuatrimestre",
            "start_date": "2021-04-05",
            "end_date": "2021-06-19",
            "is_final": false,
            "period": "3tr",
            "weight": 1,
            "parent": 5,
            "subject": 2
        }
    },
    {
        "pk": 9,
        "model": "corrigeapp.Evaluation",
        "fields": {
            "name": "Matem\u00e1ticas 3\u00ba ESO Final",
            "start_date": "2020-09-15",
            "end_date": "2021-06-19",
            "is_final": true,
            "period": "Final",
            "weight": 1,
            "subject": 3
        }
    },
    {
        "pk": 10,
        "model": "corrigeapp.Evaluation",
        "fields": {
            "name": "Matem\u00e1ticas 3\u00ba ESO 1er Cuatrimestre",
            "start_date": "2020-09-15",
            "end_date": "2020-12-22",
            "is_final": false,
            "period": "1st",
            "weight": 1,
            "parent": 9,
            "subject": 3
        }
    },
    {
        "pk": 11,
        "model": "corrigeapp.Evaluation",
        "fields": {
            "name": "Matem\u00e1ticas 3\u00ba ESO 2o Cuatrimestre",
            "start_date": "2021-01-07",
            "end_date": "2021-03-26",
            "is_final": false,
            "period": "2nd",
            "weight": 1,
            "parent": 9,
            "subject": 3
        }
    },
    {
        "pk": 12,
        "model": "corrigeapp.Evaluation",
        "fields": {
            "name": "Matem\u00e1ticas 3\u00ba ESO 3er Cuatrimestre",
            "start_date": "2021-04-05",
            "end_date": "2021-06-19",
            "is_final": false,
            "period": "3tr",
            "weight": 1,
            "parent": 9,
            "subject": 3
        }
    },
    {
        "pk": 13,
        "model": "corrigeapp.Evaluation",
        "fields": {
            "name": "Matem\u00e1ticas 4\u00ba ESO Final",
            "start_date": "2020-09-15",
            "end_date": "2021-06-19",
            "is_final": true,
            "period": "Final",
            "weight": 1,
            "subject": 4
        }
    },
    {
        "pk": 14,
        "model": "corrigeapp.Evaluation",
        "fields": {
            "name": "Matem\u00e1ticas 4\u00ba ESO 1er Cuatrimestre",
            "start_date": "2020-09-15",
            "end_date": "2020-12-22",
            "is_final": false,
            "period": "1st",
            "weight": 1,
            "parent": 13,
            "subject": 4
        }
    },
    {
        "pk": 15,
        "model": "corrigeapp.Evaluation",
        "fields": {
            "name": "Matem\u00e1ticas 4\u00ba ESO 2o Cuatrimestre",
            "start_date": "2021-01-07",
            "end_date": "2021-03-26",
            "is_final": false,
            "period": "2nd",
            "weight": 1,
            "parent": 13,
            "subject": 4
        }
    },
    {
        "pk": 16,
        "model": "corrigeapp.Evaluation",
        "fields": {
            "name": "Matem\u00e1ticas 4\u00ba ESO 3er Cuatrimestre",
            "start_date": "2021-04-05",
            "end_date": "2021-06-19",
            "is_final": false,
            "period": "3tr",
            "weight": 1,
            "parent": 13,
            "subject": 4
        }
    },
    {
        "pk": 1,
        "model": "corrigeapp.Activity",
        "fields": {
            "title": "Examen 1",
            "date": "2020-11-04",
            "weight": 1,
            "is_recovery": false,
            "set_activity": 1,
            "evaluation": 2,
            "subject": 1
        }
    },
    {
        "pk": 2,
        "model": "corrigeapp.Activity",
        "fields": {
            "title": "Examen 2",
            "date": "2021-01-22",
            "weight": 1,
            "is_recovery": false,
            "set_activity": 1,
            "evaluation": 3,
            "subject": 1
        }
    },
    {
        "pk": 3,
        "model": "corrigeapp.Activity",
        "fields": {
            "title": "Examen 3",
            "date": "2021-05-26",
            "weight": 1,
            "is_recovery": false,
            "set_activity": 1,
            "evaluation": 4,
            "subject": 1
        }
    },
    {
        "pk": 4,
        "model": "corrigeapp.Activity",
        "fields": {
            "title": "Examen 1",
            "date": "2020-11-04",
            "weight": 1,
            "is_recovery": false,
            "set_activity": 3,
            "evaluation": 6,
            "subject": 2
        }
    },
    {
        "pk": 5,
        "model": "corrigeapp.Activity",
        "fields": {
            "title": "Examen 2",
            "date": "2021-01-22",
            "weight": 1,
            "is_recovery": false,
            "set_activity": 3,
            "evaluation": 7,
            "subject": 2
        }
    },
    {
        "pk": 6,
        "model": "corrigeapp.Activity",
        "fields": {
            "title": "Examen 3",
            "date": "2021-05-26",
            "weight": 1,
            "is_recovery": false,
            "set_activity": 3,
            "evaluation": 8,
            "subject": 2
        }
    },
    {
        "pk": 1,
        "model": "corrigeapp.Exercise",
        "fields": {
            "weight": 1,
            "statement": "Example statement 1",
            "activity": 1
        }
    },
    {
        "pk": 2,
        "model": "corrigeapp.Exercise",
        "fields": {
            "weight": 1,
            "statement": "Example statement 2",
            "activity": 1
        }
    },
    {
        "pk": 3,
        "model": "corrigeapp.Exercise",
        "fields": {
            "weight": 1,
            "statement": "Example statement 3",
            "activity": 1
        }
    },
    {
        "pk": 4,
        "model": "corrigeapp.Exercise",
        "fields": {
            "weight": 1,
            "statement": "Example statement 4",
            "activity": 1
        }
    },
    {
        "pk": 5,
        "model": "corrigeapp.Exercise",
        "fields": {
            "weight": 1,
            "statement": "Example statement 5",
            "activity": 1
        }
    },
    {
        "pk": 6,
        "model": "corrigeapp.Exercise",
        "fields": {
            "weight": 1,
            "statement": "Example statement 6",
            "activity": 1
        }
    },
    {
        "pk": 7,
        "model": "corrigeapp.Exercise",
        "fields": {
            "weight": 1,
            "statement": "Example statement 1",
            "activity": 2
        }
    },
    {
        "pk": 1,
        "model": "corrigeapp.Exercise_competence",
        "fields": {
            "intensity": 1,
            "weight": 1,
            "exercise": 1,
            "competence": 16
        }
    },
    {
        "pk": 2,
        "model": "corrigeapp.Exercise_competence",
        "fields": {
            "intensity": 1,
            "weight": 1,
            "exercise": 2,
            "competence": 17
        }
    },
    {
        "pk": 3,
        "model": "corrigeapp.Exercise_competence",
        "fields": {
            "intensity": 1,
            "weight": 1,
            "exercise": 3,
            "competence": 19
        }
    },
    {
        "pk": 4,
        "model": "corrigeapp.Exercise_competence",
        "fields": {
            "intensity": 1,
            "weight": 1,
            "exercise": 4,
            "competence": 21
        }
    },
    {
        "pk": 5,
        "model": "corrigeapp.Exercise_competence",
        "fields": {
            "intensity": 1,
            "weight": 1,
            "exercise": 5,
            "competence": 23
        }
    },
    {
        "pk": 6,
        "model": "corrigeapp.Exercise_competence",
        "fields": {
            "intensity": 1,
            "weight": 1,
            "exercise": 6,
            "competence": 24
        }
    }
]