[
    {
        "pk": 2,
        "model": "auth.User",
        "fields": {
            "password": "pbkdf2_sha256$216000$Al2ONk9m8UA7$05Fw7gY7wse0iMkBJVtvql1x2axCp0+lw/AuhMwlPcY=",
            "is_superuser": false,
            "username": "donatomiguel",
            "first_name": "Esteban",
            "last_name": "Merino",
            "email": "icapdevila@gmail.com",
            "is_staff": false,
            "date_joined": "2021-01-28 10:55:23+0000"
        }
    },
    {
        "pk": 3,
        "model": "auth.User",
        "fields": {
            "password": "pbkdf2_sha256$216000$ZzB92oOuEwgA$BLXzpfmZ83FDGWFFp9xeZFDtN/G4FX+e3j7kgsOBVjc=",
            "is_superuser": false,
            "username": "isidorobeltran",
            "first_name": "Emperatriz",
            "last_name": "Moles",
            "email": "lupe08@hotmail.com",
            "is_staff": false,
            "date_joined": "2021-01-28 10:55:23+0000"
        }
    },
    {
        "pk": 4,
        "model": "auth.User",
        "fields": {
            "password": "pbkdf2_sha256$216000$NDC8l08C9fBL$xCxVrk/sVx5t0zUq709eFtt6741Mv6T4rMIJUfaMwb4=",
            "is_superuser": false,
            "username": "bernatberta",
            "first_name": "Amalia",
            "last_name": "Garz\u00f3n",
            "email": "galangilberto@yahoo.com",
            "is_staff": false,
            "date_joined": "2021-01-28 10:55:23+0000"
        }
    },
    {
        "pk": 5,
        "model": "auth.User",
        "fields": {
            "password": "pbkdf2_sha256$216000$dffKp5R2EaQz$nZMQSnzkAV2c2O0kVq9b5AIE93eEguNVH5kxF5G9EiE=",
            "is_superuser": false,
            "username": "cortinateo",
            "first_name": "Che",
            "last_name": "Figuerola",
            "email": "titobaeza@gmail.com",
            "is_staff": false,
            "date_joined": "2021-01-28 10:55:23+0000"
        }
    },
    {
        "pk": 6,
        "model": "auth.User",
        "fields": {
            "password": "pbkdf2_sha256$216000$U4dyi00WL38r$qoh998UJSf64Pr1FCqhX0cmU/AKfRoBVB7jWCqhfZTY=",
            "is_superuser": false,
            "username": "gabriel08",
            "first_name": "Ignacio",
            "last_name": "Escribano",
            "email": "marc72@hotmail.com",
            "is_staff": false,
            "date_joined": "2021-01-28 10:55:23+0000"
        }
    },
    {
        "pk": 7,
        "model": "auth.User",
        "fields": {
            "password": "pbkdf2_sha256$216000$FnbIEMlwEXwC$/4IyE/1+MctzmszV2K9HyN7pqPuyBIcIhGcKMt1yQVw=",
            "is_superuser": false,
            "username": "zchacon",
            "first_name": "Crist\u00f3bal",
            "last_name": "Roca",
            "email": "federicobautista@gmail.com",
            "is_staff": false,
            "date_joined": "2021-01-28 10:55:23+0000"
        }
    },
    {
        "pk": 8,
        "model": "auth.User",
        "fields": {
            "password": "pbkdf2_sha256$216000$z9zy7YAnOvL7$5Kxd3IlhDsS1jli5U9Vk6VGRgn2gx6SzcqlQ0LFk7cQ=",
            "is_superuser": false,
            "username": "acostacasemiro",
            "first_name": "Ester",
            "last_name": "Teruel",
            "email": "pinolvalentina@gmail.com",
            "is_staff": false,
            "date_joined": "2021-01-28 10:55:23+0000"
        }
    },
    {
        "pk": 9,
        "model": "auth.User",
        "fields": {
            "password": "pbkdf2_sha256$216000$oD5sy7bhA9Xb$p1ArUp+bWPbsr+XsP3OM+EMGEoJGteBiaIpI2jwAILY=",
            "is_superuser": false,
            "username": "wpardo",
            "first_name": "Moreno",
            "last_name": "Teruel-Garmendia",
            "email": "solcrespo@gmail.com",
            "is_staff": false,
            "date_joined": "2021-01-28 10:55:24+0000"
        }
    },
    {
        "pk": 2,
        "model": "corrigeapp.TEACHER",
        "fields": {
            "profile_ptr_id": 2
        }
    },
    {
        "pk": 2,
        "model": "corrigeapp.PROFILE",
        "fields": {
            "birthdate": "1980-01-01",
            "initials": "LC4",
            "role": "TEACHER",
            "user": 2
        }
    },
    {
        "pk": 3,
        "model": "corrigeapp.TEACHER",
        "fields": {
            "profile_ptr_id": 3
        }
    },
    {
        "pk": 3,
        "model": "corrigeapp.PROFILE",
        "fields": {
            "birthdate": "1980-01-01",
            "initials": "S9N",
            "role": "TEACHER",
            "user": 3
        }
    },
    {
        "pk": 4,
        "model": "corrigeapp.TEACHER",
        "fields": {
            "profile_ptr_id": 4
        }
    },
    {
        "pk": 4,
        "model": "corrigeapp.PROFILE",
        "fields": {
            "birthdate": "1980-01-01",
            "initials": "BEN",
            "role": "TEACHER",
            "user": 4
        }
    },
    {
        "pk": 5,
        "model": "corrigeapp.TEACHER",
        "fields": {
            "profile_ptr_id": 5
        }
    },
    {
        "pk": 5,
        "model": "corrigeapp.PROFILE",
        "fields": {
            "birthdate": "1980-01-01",
            "initials": "WUF",
            "role": "TEACHER",
            "user": 5
        }
    },
    {
        "pk": 6,
        "model": "corrigeapp.TEACHER",
        "fields": {
            "profile_ptr_id": 6
        }
    },
    {
        "pk": 6,
        "model": "corrigeapp.PROFILE",
        "fields": {
            "birthdate": "1980-01-01",
            "initials": "CBZ",
            "role": "TEACHER",
            "user": 6
        }
    },
    {
        "pk": 7,
        "model": "corrigeapp.TEACHER",
        "fields": {
            "profile_ptr_id": 7
        }
    },
    {
        "pk": 7,
        "model": "corrigeapp.PROFILE",
        "fields": {
            "birthdate": "1980-01-01",
            "initials": "ZOD",
            "role": "TEACHER",
            "user": 7
        }
    },
    {
        "pk": 8,
        "model": "corrigeapp.TEACHER",
        "fields": {
            "profile_ptr_id": 8
        }
    },
    {
        "pk": 8,
        "model": "corrigeapp.PROFILE",
        "fields": {
            "birthdate": "1980-01-01",
            "initials": "3XD",
            "role": "TEACHER",
            "user": 8
        }
    },
    {
        "pk": 9,
        "model": "corrigeapp.TEACHER",
        "fields": {
            "profile_ptr_id": 9
        }
    },
    {
        "pk": 9,
        "model": "corrigeapp.PROFILE",
        "fields": {
            "birthdate": "1980-01-01",
            "initials": "ETW",
            "role": "TEACHER",
            "user": 9
        }
    },
    {
        "pk": 1,
        "model": "auth.User",
        "fields": {
            "password": "pbkdf2_sha256$216000$Lx3JCSVZtqRq$IiVkLGctP4R1lVWzM/u/jXLzAn4+u75KF53XYwRL/6E=",
            "is_superuser": false,
            "username": "qgomez",
            "first_name": "Paulina",
            "last_name": "Pablo",
            "email": "genovevarico@hotmail.com",
            "is_staff": false,
            "date_joined": "2021-01-28 10:55:24+0000"
        }
    },
    {
        "pk": 1,
        "model": "corrigeapp.ADMINISTRATOR",
        "fields": {
            "profile_ptr_id": 1
        }
    },
    {
        "pk": 1,
        "model": "corrigeapp.PROFILE",
        "fields": {
            "birthdate": "1980-01-01",
            "initials": "95K",
            "role": "ADMINISTRATOR",
            "user": 1
        }
    },
    {
        "pk": 1,
        "model": "corrigeapp.Student",
        "fields": {
            "name": "Amado",
            "surname": "Amancio",
            "birthdate": "1980-01-01",
            "initials": "ZXE"
        }
    },
    {
        "pk": 2,
        "model": "corrigeapp.Student",
        "fields": {
            "name": "Te\u00f3fila",
            "surname": "Mesa",
            "birthdate": "1980-01-01",
            "initials": "UWC"
        }
    },
    {
        "pk": 3,
        "model": "corrigeapp.Student",
        "fields": {
            "name": "Lupe",
            "surname": "Fajardo",
            "birthdate": "1980-01-01",
            "initials": "UXP"
        }
    },
    {
        "pk": 4,
        "model": "corrigeapp.Student",
        "fields": {
            "name": "Gustavo",
            "surname": "Vizca\u00edno",
            "birthdate": "1980-01-01",
            "initials": "0FB"
        }
    },
    {
        "pk": 5,
        "model": "corrigeapp.Student",
        "fields": {
            "name": "Santiago",
            "surname": "Palau",
            "birthdate": "1980-01-01",
            "initials": "E9S"
        }
    },
    {
        "pk": 6,
        "model": "corrigeapp.Student",
        "fields": {
            "name": "Domitila",
            "surname": "Villalobos-Alegria",
            "birthdate": "1980-01-01",
            "initials": "67G"
        }
    },
    {
        "pk": 7,
        "model": "corrigeapp.Student",
        "fields": {
            "name": "Jose",
            "surname": "Angel",
            "birthdate": "1980-01-01",
            "initials": "LI1"
        }
    },
    {
        "pk": 8,
        "model": "corrigeapp.Student",
        "fields": {
            "name": "Isidora",
            "surname": "C\u00e1rdenas",
            "birthdate": "1980-01-01",
            "initials": "6GE"
        }
    },
    {
        "pk": 9,
        "model": "corrigeapp.Student",
        "fields": {
            "name": "Adoraci\u00f3n",
            "surname": "Lupe",
            "birthdate": "1980-01-01",
            "initials": "HOU"
        }
    },
    {
        "pk": 10,
        "model": "corrigeapp.Student",
        "fields": {
            "name": "Lope",
            "surname": "Carri\u00f3n",
            "birthdate": "1980-01-01",
            "initials": "6SK"
        }
    },
    {
        "pk": 11,
        "model": "corrigeapp.Student",
        "fields": {
            "name": "Pancho",
            "surname": "Fabio",
            "birthdate": "1980-01-01",
            "initials": "S8S"
        }
    },
    {
        "pk": 12,
        "model": "corrigeapp.Student",
        "fields": {
            "name": "Jose",
            "surname": "Carlos",
            "birthdate": "1980-01-01",
            "initials": "S9Y"
        }
    },
    {
        "pk": 13,
        "model": "corrigeapp.Student",
        "fields": {
            "name": "Rodrigo",
            "surname": "del",
            "birthdate": "1980-01-01",
            "initials": "MQD"
        }
    },
    {
        "pk": 14,
        "model": "corrigeapp.Student",
        "fields": {
            "name": "Humberto",
            "surname": "Lerma",
            "birthdate": "1980-01-01",
            "initials": "FZD"
        }
    },
    {
        "pk": 15,
        "model": "corrigeapp.Student",
        "fields": {
            "name": "Griselda",
            "surname": "Iglesia",
            "birthdate": "1980-01-01",
            "initials": "4L3"
        }
    },
    {
        "pk": 16,
        "model": "corrigeapp.Student",
        "fields": {
            "name": "Julio",
            "surname": "C\u00e9sar",
            "birthdate": "1980-01-01",
            "initials": "LHO"
        }
    },
    {
        "pk": 17,
        "model": "corrigeapp.Student",
        "fields": {
            "name": "Baltasar",
            "surname": "del",
            "birthdate": "1980-01-01",
            "initials": "XPQ"
        }
    },
    {
        "pk": 18,
        "model": "corrigeapp.Student",
        "fields": {
            "name": "Anselma",
            "surname": "Pera",
            "birthdate": "1980-01-01",
            "initials": "IG2"
        }
    },
    {
        "pk": 19,
        "model": "corrigeapp.Student",
        "fields": {
            "name": "In\u00e9s",
            "surname": "Palomo",
            "birthdate": "1980-01-01",
            "initials": "9TA"
        }
    },
    {
        "pk": 20,
        "model": "corrigeapp.Student",
        "fields": {
            "name": "Rufina",
            "surname": "Tenorio",
            "birthdate": "1980-01-01",
            "initials": "IRQ"
        }
    },
    {
        "pk": 21,
        "model": "corrigeapp.Student",
        "fields": {
            "name": "Erasmo",
            "surname": "Raya-Torrecilla",
            "birthdate": "1980-01-01",
            "initials": "R0M"
        }
    },
    {
        "pk": 22,
        "model": "corrigeapp.Student",
        "fields": {
            "name": "Amando",
            "surname": "del",
            "birthdate": "1980-01-01",
            "initials": "NZF"
        }
    },
    {
        "pk": 23,
        "model": "corrigeapp.Student",
        "fields": {
            "name": "Telmo",
            "surname": "Delgado-Torrents",
            "birthdate": "1980-01-01",
            "initials": "KIN"
        }
    },
    {
        "pk": 24,
        "model": "corrigeapp.Student",
        "fields": {
            "name": "Dafne",
            "surname": "Quintana",
            "birthdate": "1980-01-01",
            "initials": "BJE"
        }
    },
    {
        "pk": 25,
        "model": "corrigeapp.Student",
        "fields": {
            "name": "Ana",
            "surname": "Bel\u00e9n",
            "birthdate": "1980-01-01",
            "initials": "DEJ"
        }
    },
    {
        "pk": 26,
        "model": "corrigeapp.Student",
        "fields": {
            "name": "Alejo",
            "surname": "Josu\u00e9",
            "birthdate": "1980-01-01",
            "initials": "HHG"
        }
    },
    {
        "pk": 27,
        "model": "corrigeapp.Student",
        "fields": {
            "name": "Coral",
            "surname": "Novoa",
            "birthdate": "1980-01-01",
            "initials": "IYR"
        }
    },
    {
        "pk": 28,
        "model": "corrigeapp.Student",
        "fields": {
            "name": "Gema",
            "surname": "Olivares",
            "birthdate": "1980-01-01",
            "initials": "UFF"
        }
    },
    {
        "pk": 29,
        "model": "corrigeapp.Student",
        "fields": {
            "name": "Lucho",
            "surname": "Bayo",
            "birthdate": "1980-01-01",
            "initials": "PEV"
        }
    },
    {
        "pk": 1,
        "model": "corrigeapp.Competence",
        "fields": {
            "code": "CC1",
            "name": "Comunicaci\u00f3n ling\u00fc\u00edstica",
            "description": "Comunicaci\u00f3n ling\u00fc\u00edstica.",
            "level": 3
        }
    },
    {
        "pk": 2,
        "model": "corrigeapp.Competence",
        "fields": {
            "code": "CC2",
            "name": "Competencia matem\u00e1tica y competencias b\u00e1sicas en ciencia y tecnolog\u00eda",
            "description": "Competencia matem\u00e1tica y competencias b\u00e1sicas en ciencia y tecnolog\u00eda.",
            "level": 3
        }
    },
    {
        "pk": 3,
        "model": "corrigeapp.Competence",
        "fields": {
            "code": "CC3",
            "name": "Competencia digital",
            "description": "Competencia digital.",
            "level": 3
        }
    },
    {
        "pk": 4,
        "model": "corrigeapp.Competence",
        "fields": {
            "code": "CC4",
            "name": "Aprender a aprender",
            "description": "Aprender a aprender.",
            "level": 3
        }
    },
    {
        "pk": 5,
        "model": "corrigeapp.Competence",
        "fields": {
            "code": "CC5",
            "name": "Competencias sociales y c\u00edvicas",
            "description": "Competencias sociales y c\u00edvicas.",
            "level": 3
        }
    },
    {
        "pk": 6,
        "model": "corrigeapp.Competence",
        "fields": {
            "code": "CS1",
            "name": "Obtener informaci\u00f3n concreta y relevante sobre hechos o fen\u00f3menos previamente delimitados, utilizando diferentes fuentes (directas e indirectas).",
            "description": "Obtener informaci\u00f3n concreta y relevante sobre hechos o fen\u00f3menos previamente delimitados, utilizando diferentes fuentes (directas e indirectas).",
            "weight": 0.15,
            "level": 2,
            "parent": 5
        }
    },
    {
        "pk": 7,
        "model": "corrigeapp.Competence",
        "fields": {
            "code": "CS1.1",
            "name": "Busca, selecciona y organiza informaci\u00f3n concreta y relevante, la analiza, obtiene conclusiones, reflexiona acerca del proceso seguido y lo comunica oralmente y/o por escrito.",
            "description": "Busca, selecciona y organiza informaci\u00f3n concreta y relevante, la analiza, obtiene conclusiones, reflexiona acerca del proceso seguido y lo comunica oralmente y/o por escrito.",
            "weight": 0.15,
            "level": 1,
            "parent": 6
        }
    },
    {
        "pk": 8,
        "model": "corrigeapp.Competence",
        "fields": {
            "code": "CS2",
            "name": "Utilizar las tecnolog\u00edas de la informaci\u00f3n y la comunicaci\u00f3n para obtener informaci\u00f3n aprender y expresar contenidos sobre Ciencias Sociales.",
            "description": "Utilizar las tecnolog\u00edas de la informaci\u00f3n y la comunicaci\u00f3n para obtener informaci\u00f3n aprender y expresar contenidos sobre Ciencias Sociales.",
            "weight": 0.3,
            "level": 2,
            "parent": 5
        }
    },
    {
        "pk": 9,
        "model": "corrigeapp.Competence",
        "fields": {
            "code": "CS2.1",
            "name": "Utiliza la tecnolog\u00edas de la informaci\u00f3n y la comunicaci\u00f3n (Internet, blogs, redes sociales\u2026) para elaborar trabajos con la terminolog\u00eda adecuada a los temas tratados.",
            "description": "Utiliza la tecnolog\u00edas de la informaci\u00f3n y la comunicaci\u00f3n (Internet, blogs, redes sociales\u2026) para elaborar trabajos con la terminolog\u00eda adecuada a los temas tratados.",
            "weight": 0.15,
            "level": 1,
            "parent": 8
        }
    },
    {
        "pk": 10,
        "model": "corrigeapp.Competence",
        "fields": {
            "code": "CC6",
            "name": "Sentido de la iniciativa y esp\u00edritu emprendedor",
            "description": "Sentido de iniciativa y esp\u00edritu emprendedor.",
            "level": 3
        }
    },
    {
        "pk": 11,
        "model": "corrigeapp.Competence",
        "fields": {
            "code": "CC7",
            "name": "Conciencia y expresiones culturales",
            "description": "Conciencia y expresiones culturales.",
            "level": 3
        }
    },
    {
        "pk": 1,
        "model": "corrigeapp.Subject",
        "fields": {
            "name": "Ciencias Sociales",
            "level": "5\u00ba",
            "grade": "Primaria",
            "description": "Ciencias Sociales",
            "competences": [
                5,
                6,
                7,
                8,
                9
            ]
        }
    },
    {
        "pk": 2,
        "model": "corrigeapp.Subject",
        "fields": {
            "name": "Lengua Castellana y Literatura",
            "level": "5\u00ba",
            "grade": "Primaria",
            "description": "Lengua Castellana y Literatura",
            "competences": []
        }
    },
    {
        "pk": 3,
        "model": "corrigeapp.Subject",
        "fields": {
            "name": "Matem\u00e1ticas",
            "level": "5\u00ba",
            "grade": "Primaria",
            "description": "Matem\u00e1ticas",
            "competences": []
        }
    },
    {
        "pk": 4,
        "model": "corrigeapp.Subject",
        "fields": {
            "name": "Valores Sociales y C\u00edvicos",
            "level": "5\u00ba",
            "grade": "Primaria",
            "description": "Valores Sociales y C\u00edvicos",
            "competences": []
        }
    },
    {
        "pk": 5,
        "model": "corrigeapp.Subject",
        "fields": {
            "name": "Educaci\u00f3n Pl\u00e1stica",
            "level": "5\u00ba",
            "grade": "Primaria",
            "description": "Educaci\u00f3n Pl\u00e1stica",
            "competences": []
        }
    },
    {
        "pk": 6,
        "model": "corrigeapp.Subject",
        "fields": {
            "name": "Educaci\u00f3n Musical",
            "level": "5\u00ba",
            "grade": "Primaria",
            "description": "Educaci\u00f3n Musical",
            "competences": []
        }
    },
    {
        "pk": 7,
        "model": "corrigeapp.Subject",
        "fields": {
            "name": "Segunda Lengua Extranjera",
            "level": "5\u00ba",
            "grade": "Primaria",
            "description": "Segunda Lengua Extranjera",
            "competences": []
        }
    },
    {
        "pk": 8,
        "model": "corrigeapp.Subject",
        "fields": {
            "name": "Educaci\u00f3n F\u00edsica",
            "level": "5\u00ba",
            "grade": "Primaria",
            "description": "Educaci\u00f3n F\u00edsica",
            "competences": []
        }
    },
    {
        "pk": 1,
        "model": "corrigeapp.Evaluation",
        "fields": {
            "name": "Matem\u00e1ticas 5\u00ba Primaria Final",
            "start_date": "1980-01-01",
            "end_date": "1980-01-01",
            "is_final": true,
            "period": "Final",
            "subject": 3
        }
    },
    {
        "pk": 1,
        "model": "corrigeapp.Set",
        "fields": {
            "name": "Matem\u00e1ticas 5\u00baA Primaria",
            "level": "5\u00ba",
            "grade": "Primaria",
            "line": "A",
            "teacher": 2,
            "subject": 3,
            "evaluation": 1,
            "students": [
                1,
                2,
                3,
                4,
                5,
                6,
                7,
                8,
                9,
                10,
                11,
                12,
                13,
                14,
                15,
                16,
                17,
                18,
                19,
                20,
                21,
                22,
                23,
                24,
                25,
                26,
                27,
                28,
                29
            ]
        }
    }
]