[
    {
        "pk": 2,
        "model": "auth.User",
        "fields": {
            "password": "pbkdf2_sha256$216000$B5WHZKxnmAS0$xyM9Q4sZkVPAVg7ewQG8zsrY1TeiHsTzjcVHnHtgCGA=",
            "is_superuser": false,
            "username": "teacherusertest",
            "first_name": "Jose",
            "last_name": "Antonio",
            "email": "maria-jose28@gmail.com",
            "is_staff": false,
            "date_joined": "2021-03-19 14:06:18+0000"
        }
    },
    {
        "pk": 3,
        "model": "auth.User",
        "fields": {
            "password": "pbkdf2_sha256$216000$zOZRjT8HbHsC$E4DAFVAuhNgtPVKaWVf+JLE9vmy5WNF4uUbV6adOk4U=",
            "is_superuser": false,
            "username": "roldanbrigida",
            "first_name": "Jos\u00e9",
            "last_name": "Manuel",
            "email": "villenacristobal@hotmail.com",
            "is_staff": false,
            "date_joined": "2021-03-19 14:06:18+0000"
        }
    },
    {
        "pk": 4,
        "model": "auth.User",
        "fields": {
            "password": "pbkdf2_sha256$216000$vQ3e12DX8Nhq$UUMxYjNgHlrLoAkxjCoUUdr5/Srjf7OOqp8fGjscc58=",
            "is_superuser": false,
            "username": "isegui",
            "first_name": "Eutimio",
            "last_name": "Luz-Valc\u00e1rcel",
            "email": "jcozar@yahoo.com",
            "is_staff": false,
            "date_joined": "2021-03-19 14:06:18+0000"
        }
    },
    {
        "pk": 5,
        "model": "auth.User",
        "fields": {
            "password": "pbkdf2_sha256$216000$g8IJmpmPI699$pSC22HK4lWoVyK9nAH8U9kz3s8jYkVPKMEvp7czdAsw=",
            "is_superuser": false,
            "username": "herberto80",
            "first_name": "Alex",
            "last_name": "Armengol",
            "email": "ramosespiridion@hotmail.com",
            "is_staff": false,
            "date_joined": "2021-03-19 14:06:18+0000"
        }
    },
    {
        "pk": 6,
        "model": "auth.User",
        "fields": {
            "password": "pbkdf2_sha256$216000$P8XtwFOobwaH$dcfgmv2pp/NxSjq8Dt3vDCWo+J7pP07sGd3j3V+MaJQ=",
            "is_superuser": false,
            "username": "miguel-angelmontana",
            "first_name": "Bernardita",
            "last_name": "\u00c1lvaro",
            "email": "jchaves@hotmail.com",
            "is_staff": false,
            "date_joined": "2021-03-19 14:06:18+0000"
        }
    },
    {
        "pk": 7,
        "model": "auth.User",
        "fields": {
            "password": "pbkdf2_sha256$216000$0VdK03JjQ85f$mrMIAGXrR1bwxeA+Aw6lksZ7BAdoy0IzeZjSSz0d6fg=",
            "is_superuser": false,
            "username": "ordonezrodolfo",
            "first_name": "Isa",
            "last_name": "Zabaleta",
            "email": "ingrid02@gmail.com",
            "is_staff": false,
            "date_joined": "2021-03-19 14:06:18+0000"
        }
    },
    {
        "pk": 8,
        "model": "auth.User",
        "fields": {
            "password": "pbkdf2_sha256$216000$gjzELS4TkXqW$rIYgH0rFTOLdDr8VC3bL6gvrGoopHkVMOgmWRKR+Tcg=",
            "is_superuser": false,
            "username": "emilia02",
            "first_name": "Encarnita",
            "last_name": "Salda\u00f1a",
            "email": "amando21@gmail.com",
            "is_staff": false,
            "date_joined": "2021-03-19 14:06:18+0000"
        }
    },
    {
        "pk": 9,
        "model": "auth.User",
        "fields": {
            "password": "pbkdf2_sha256$216000$XMdwsahMgeOk$VwlSKccIznQatdZzav40oAx7h8vkymnyYwcNTmQ3g+U=",
            "is_superuser": false,
            "username": "jeremias41",
            "first_name": "Jenaro",
            "last_name": "G\u00e1lvez-Franch",
            "email": "ucerdan@yahoo.com",
            "is_staff": false,
            "date_joined": "2021-03-19 14:06:19+0000"
        }
    },
    {
        "pk": 2,
        "model": "corrigeapp.TEACHER",
        "fields": {
            "profile_ptr_id": 2,
            "subjects": [
                1,
                2,
                3,
                4
            ]
        }
    },
    {
        "pk": 2,
        "model": "corrigeapp.PROFILE",
        "fields": {
            "birthdate": "1980-01-01",
            "initials": "QFD",
            "role": "TEACHER",
            "user": 2
        }
    },
    {
        "pk": 3,
        "model": "corrigeapp.TEACHER",
        "fields": {
            "profile_ptr_id": 3
        }
    },
    {
        "pk": 3,
        "model": "corrigeapp.PROFILE",
        "fields": {
            "birthdate": "1980-01-01",
            "initials": "VJM",
            "role": "TEACHER",
            "user": 3
        }
    },
    {
        "pk": 4,
        "model": "corrigeapp.TEACHER",
        "fields": {
            "profile_ptr_id": 4
        }
    },
    {
        "pk": 4,
        "model": "corrigeapp.PROFILE",
        "fields": {
            "birthdate": "1980-01-01",
            "initials": "7AL",
            "role": "TEACHER",
            "user": 4
        }
    },
    {
        "pk": 5,
        "model": "corrigeapp.TEACHER",
        "fields": {
            "profile_ptr_id": 5
        }
    },
    {
        "pk": 5,
        "model": "corrigeapp.PROFILE",
        "fields": {
            "birthdate": "1980-01-01",
            "initials": "2MX",
            "role": "TEACHER",
            "user": 5
        }
    },
    {
        "pk": 6,
        "model": "corrigeapp.TEACHER",
        "fields": {
            "profile_ptr_id": 6
        }
    },
    {
        "pk": 6,
        "model": "corrigeapp.PROFILE",
        "fields": {
            "birthdate": "1980-01-01",
            "initials": "XQT",
            "role": "TEACHER",
            "user": 6
        }
    },
    {
        "pk": 7,
        "model": "corrigeapp.TEACHER",
        "fields": {
            "profile_ptr_id": 7
        }
    },
    {
        "pk": 7,
        "model": "corrigeapp.PROFILE",
        "fields": {
            "birthdate": "1980-01-01",
            "initials": "FMT",
            "role": "TEACHER",
            "user": 7
        }
    },
    {
        "pk": 8,
        "model": "corrigeapp.TEACHER",
        "fields": {
            "profile_ptr_id": 8
        }
    },
    {
        "pk": 8,
        "model": "corrigeapp.PROFILE",
        "fields": {
            "birthdate": "1980-01-01",
            "initials": "ZMV",
            "role": "TEACHER",
            "user": 8
        }
    },
    {
        "pk": 9,
        "model": "corrigeapp.TEACHER",
        "fields": {
            "profile_ptr_id": 9
        }
    },
    {
        "pk": 9,
        "model": "corrigeapp.PROFILE",
        "fields": {
            "birthdate": "1980-01-01",
            "initials": "MJS",
            "role": "TEACHER",
            "user": 9
        }
    },
    {
        "pk": 1,
        "model": "auth.User",
        "fields": {
            "password": "pbkdf2_sha256$216000$RaNECgmcfIhV$TCdoYt46v9J9HVpFlOWgTw66liw3c5kMizd0Irpk3Y0=",
            "is_superuser": false,
            "username": "administrator",
            "first_name": "Francisco",
            "last_name": "Javier",
            "email": "reinaldo69@gmail.com",
            "is_staff": false,
            "date_joined": "2021-03-19 14:06:19+0000"
        }
    },
    {
        "pk": 1,
        "model": "corrigeapp.ADMINISTRATOR",
        "fields": {
            "profile_ptr_id": 1
        }
    },
    {
        "pk": 1,
        "model": "corrigeapp.PROFILE",
        "fields": {
            "birthdate": "1980-01-01",
            "initials": "LB1",
            "role": "ADMINISTRATOR",
            "user": 1
        }
    },
    {
        "pk": 1,
        "model": "corrigeapp.Student",
        "fields": {
            "name": "Fernanda",
            "surname": "Mulet",
            "birthdate": "1980-01-01",
            "initials": "MD4"
        }
    },
    {
        "pk": 2,
        "model": "corrigeapp.Student",
        "fields": {
            "name": "Fortunato",
            "surname": "Eutropio",
            "birthdate": "1980-01-01",
            "initials": "V1L"
        }
    },
    {
        "pk": 3,
        "model": "corrigeapp.Student",
        "fields": {
            "name": "Prudencio",
            "surname": "Corral-Cano",
            "birthdate": "1980-01-01",
            "initials": "UGJ"
        }
    },
    {
        "pk": 4,
        "model": "corrigeapp.Student",
        "fields": {
            "name": "Leopoldo",
            "surname": "Iriarte",
            "birthdate": "1980-01-01",
            "initials": "AAE"
        }
    },
    {
        "pk": 5,
        "model": "corrigeapp.Student",
        "fields": {
            "name": "Ra\u00fal",
            "surname": "del",
            "birthdate": "1980-01-01",
            "initials": "TPN"
        }
    },
    {
        "pk": 6,
        "model": "corrigeapp.Student",
        "fields": {
            "name": "Jose",
            "surname": "Miguel",
            "birthdate": "1980-01-01",
            "initials": "AN2"
        }
    },
    {
        "pk": 7,
        "model": "corrigeapp.Student",
        "fields": {
            "name": "Pascual",
            "surname": "Gutierrez",
            "birthdate": "1980-01-01",
            "initials": "L0N"
        }
    },
    {
        "pk": 8,
        "model": "corrigeapp.Student",
        "fields": {
            "name": "Ileana",
            "surname": "Diaz",
            "birthdate": "1980-01-01",
            "initials": "ZVK"
        }
    },
    {
        "pk": 9,
        "model": "corrigeapp.Student",
        "fields": {
            "name": "Amada",
            "surname": "Gual",
            "birthdate": "1980-01-01",
            "initials": "3W8"
        }
    },
    {
        "pk": 10,
        "model": "corrigeapp.Student",
        "fields": {
            "name": "Cir\u00edaco",
            "surname": "Figueroa",
            "birthdate": "1980-01-01",
            "initials": "XTU"
        }
    },
    {
        "pk": 11,
        "model": "corrigeapp.Student",
        "fields": {
            "name": "Andrea",
            "surname": "Acevedo",
            "birthdate": "1980-01-01",
            "initials": "NFQ"
        }
    },
    {
        "pk": 12,
        "model": "corrigeapp.Student",
        "fields": {
            "name": "Teresita",
            "surname": "Ariadna",
            "birthdate": "1980-01-01",
            "initials": "KJM"
        }
    },
    {
        "pk": 13,
        "model": "corrigeapp.Student",
        "fields": {
            "name": "Gloria",
            "surname": "Recio",
            "birthdate": "1980-01-01",
            "initials": "HQ3"
        }
    },
    {
        "pk": 14,
        "model": "corrigeapp.Student",
        "fields": {
            "name": "Jos\u00e9",
            "surname": "Mari",
            "birthdate": "1980-01-01",
            "initials": "OYA"
        }
    },
    {
        "pk": 15,
        "model": "corrigeapp.Student",
        "fields": {
            "name": "Amada",
            "surname": "Madrigal",
            "birthdate": "1980-01-01",
            "initials": "G8G"
        }
    },
    {
        "pk": 16,
        "model": "corrigeapp.Student",
        "fields": {
            "name": "Dionisio",
            "surname": "Fulgencio",
            "birthdate": "1980-01-01",
            "initials": "SZA"
        }
    },
    {
        "pk": 17,
        "model": "corrigeapp.Student",
        "fields": {
            "name": "Odalis",
            "surname": "del",
            "birthdate": "1980-01-01",
            "initials": "UWJ"
        }
    },
    {
        "pk": 18,
        "model": "corrigeapp.Student",
        "fields": {
            "name": "Heliodoro",
            "surname": "Exp\u00f3sito",
            "birthdate": "1980-01-01",
            "initials": "FNM"
        }
    },
    {
        "pk": 19,
        "model": "corrigeapp.Student",
        "fields": {
            "name": "Ren\u00e9",
            "surname": "de",
            "birthdate": "1980-01-01",
            "initials": "5ZE"
        }
    },
    {
        "pk": 20,
        "model": "corrigeapp.Student",
        "fields": {
            "name": "Marcelo",
            "surname": "Mayol",
            "birthdate": "1980-01-01",
            "initials": "IPA"
        }
    },
    {
        "pk": 21,
        "model": "corrigeapp.Student",
        "fields": {
            "name": "Galo",
            "surname": "Hidalgo",
            "birthdate": "1980-01-01",
            "initials": "W0Z"
        }
    },
    {
        "pk": 22,
        "model": "corrigeapp.Student",
        "fields": {
            "name": "Jer\u00f3nimo",
            "surname": "Ram\u00edrez",
            "birthdate": "1980-01-01",
            "initials": "7JD"
        }
    },
    {
        "pk": 23,
        "model": "corrigeapp.Student",
        "fields": {
            "name": "Aristides",
            "surname": "Cabanillas",
            "birthdate": "1980-01-01",
            "initials": "TF2"
        }
    },
    {
        "pk": 24,
        "model": "corrigeapp.Student",
        "fields": {
            "name": "Saturnino",
            "surname": "Vigil",
            "birthdate": "1980-01-01",
            "initials": "TAW"
        }
    },
    {
        "pk": 25,
        "model": "corrigeapp.Student",
        "fields": {
            "name": "Emelina",
            "surname": "Guill\u00e9n",
            "birthdate": "1980-01-01",
            "initials": "RZ9"
        }
    },
    {
        "pk": 26,
        "model": "corrigeapp.Student",
        "fields": {
            "name": "Mario",
            "surname": "Leonardo",
            "birthdate": "1980-01-01",
            "initials": "8AW"
        }
    },
    {
        "pk": 27,
        "model": "corrigeapp.Student",
        "fields": {
            "name": "Celso",
            "surname": "Julio",
            "birthdate": "1980-01-01",
            "initials": "YPV"
        }
    },
    {
        "pk": 28,
        "model": "corrigeapp.Student",
        "fields": {
            "name": "Jose",
            "surname": "Manuel",
            "birthdate": "1980-01-01",
            "initials": "B8E"
        }
    },
    {
        "pk": 29,
        "model": "corrigeapp.Student",
        "fields": {
            "name": "Violeta",
            "surname": "del",
            "birthdate": "1980-01-01",
            "initials": "WZA"
        }
    },
    {
        "pk": 30,
        "model": "corrigeapp.Student",
        "fields": {
            "name": "Griselda",
            "surname": "Seco",
            "birthdate": "1980-01-01",
            "initials": "D7N"
        }
    },
    {
        "pk": 1,
        "model": "corrigeapp.Competence",
        "fields": {
            "code": "CC1",
            "name": "Comunicaci\u00f3n ling\u00fc\u00edstica",
            "description": "3\u00ba ESO",
            "level": 3
        }
    },
    {
        "pk": 2,
        "model": "corrigeapp.Competence",
        "fields": {
            "code": "CC2",
            "name": "Competencia matem\u00e1tica y competencias b\u00e1sicas en ciencia y tecnolog\u00eda",
            "description": "3\u00ba ESO",
            "level": 3
        }
    },
    {
        "pk": 3,
        "model": "corrigeapp.Competence",
        "fields": {
            "code": "CC3",
            "name": "Competencia digital",
            "description": "3\u00ba ESO",
            "level": 3
        }
    },
    {
        "pk": 4,
        "model": "corrigeapp.Competence",
        "fields": {
            "code": "CC4",
            "name": "Aprender a aprender",
            "description": "3\u00ba ESO",
            "level": 3
        }
    },
    {
        "pk": 5,
        "model": "corrigeapp.Competence",
        "fields": {
            "code": "CC5",
            "name": "Competencias sociales y c\u00edvicas",
            "description": "3\u00ba ESO",
            "level": 3
        }
    },
    {
        "pk": 6,
        "model": "corrigeapp.Competence",
        "fields": {
            "code": "CC6",
            "name": "Sentido de la iniciativa y esp\u00edritu emprendedor",
            "description": "3\u00ba ESO",
            "level": 3
        }
    },
    {
        "pk": 7,
        "model": "corrigeapp.Competence",
        "fields": {
            "code": "CC7",
            "name": "Conciencia y expresiones culturales",
            "description": "3\u00ba ESO",
            "level": 3
        }
    },
    {
        "pk": 8,
        "model": "corrigeapp.Competence",
        "fields": {
            "code": "CC1",
            "name": "Comunicaci\u00f3n ling\u00fc\u00edstica",
            "description": "4\u00ba ESO",
            "level": 3
        }
    },
    {
        "pk": 9,
        "model": "corrigeapp.Competence",
        "fields": {
            "code": "CC2",
            "name": "Competencia matem\u00e1tica y competencias b\u00e1sicas en ciencia y tecnolog\u00eda",
            "description": "4\u00ba ESO",
            "level": 3
        }
    },
    {
        "pk": 10,
        "model": "corrigeapp.Competence",
        "fields": {
            "code": "CC3",
            "name": "Competencia digital",
            "description": "4\u00ba ESO",
            "level": 3
        }
    },
    {
        "pk": 11,
        "model": "corrigeapp.Competence",
        "fields": {
            "code": "CC4",
            "name": "Aprender a aprender",
            "description": "4\u00ba ESO",
            "level": 3
        }
    },
    {
        "pk": 12,
        "model": "corrigeapp.Competence",
        "fields": {
            "code": "CC5",
            "name": "Competencias sociales y c\u00edvicas",
            "description": "4\u00ba ESO",
            "level": 3
        }
    },
    {
        "pk": 13,
        "model": "corrigeapp.Competence",
        "fields": {
            "code": "CC6",
            "name": "Sentido de la iniciativa y esp\u00edritu emprendedor",
            "description": "4\u00ba ESO",
            "level": 3
        }
    },
    {
        "pk": 14,
        "model": "corrigeapp.Competence",
        "fields": {
            "code": "CC7",
            "name": "Conciencia y expresiones culturales",
            "description": "4\u00ba ESO",
            "level": 3
        }
    },
    {
        "pk": 15,
        "model": "corrigeapp.Competence",
        "fields": {
            "code": "FQ3 1.1",
            "name": "Reconocer e identificar las caracter\u00edsticas del m\u00e9todo cient\u00edfico.",
            "description": "FQ 3\u00ba ESO",
            "weight": 0.15,
            "level": 2,
            "parent": [
                2
            ]
        }
    },
    {
        "pk": 16,
        "model": "corrigeapp.Competence",
        "fields": {
            "code": "FQ3 1.1.1",
            "name": "Formula hip\u00f3tesis para explicar fen\u00f3menos cotidianos utilizando teor\u00edas y modelos cient\u00edficos.",
            "description": "FQ 3\u00ba ESO",
            "weight": 0.15,
            "level": 1,
            "parent": [
                15
            ]
        }
    },
    {
        "pk": 17,
        "model": "corrigeapp.Competence",
        "fields": {
            "code": "FQ3 1.1.2",
            "name": "Registra observaciones, datos y resultados de manera organizada y rigurosa, y los comunica de forma oral y escrita utilizando esquemas, gr\u00e1ficos, tablas y expresiones matem\u00e1ticas.",
            "description": "FQ 3\u00ba ESO",
            "weight": 0.15,
            "level": 1,
            "parent": [
                15
            ]
        }
    },
    {
        "pk": 18,
        "model": "corrigeapp.Competence",
        "fields": {
            "code": "FQ3 1.2",
            "name": "Valorar la investigaci\u00f3n cient\u00edfica y su impacto en la industria y en el desarrollo de la sociedad.",
            "description": "FQ 3\u00ba ESO",
            "weight": 0.15,
            "level": 2,
            "parent": [
                1,
                5
            ]
        }
    },
    {
        "pk": 19,
        "model": "corrigeapp.Competence",
        "fields": {
            "code": "FQ3 1.2.1",
            "name": "Relaciona la investigaci\u00f3n cient\u00edfica con las aplicaciones tecnol\u00f3gicas en la vida cotidiana.",
            "description": "FQ 3\u00ba ESO",
            "weight": 0.15,
            "level": 1,
            "parent": [
                18
            ]
        }
    },
    {
        "pk": 20,
        "model": "corrigeapp.Competence",
        "fields": {
            "code": "FQ3 1.3",
            "name": "Conocer los procedimientos cient\u00edficos para determinar magnitudes.",
            "description": "FQ 3\u00ba ESO",
            "weight": 0.15,
            "level": 2,
            "parent": [
                2
            ]
        }
    },
    {
        "pk": 21,
        "model": "corrigeapp.Competence",
        "fields": {
            "code": "FQ3 1.3.1",
            "name": "Establece relaciones entre magnitudes y unidades utilizando, preferentemente, el Sistema Internacional de Unidades y la notaci\u00f3n cient\u00edfica para expresar los resultados.",
            "description": "FQ 3\u00ba ESO",
            "weight": 0.15,
            "level": 1,
            "parent": [
                20
            ]
        }
    },
    {
        "pk": 22,
        "model": "corrigeapp.Competence",
        "fields": {
            "code": "FQ3 1.4",
            "name": "Reconocer los materiales, e instrumentos b\u00e1sicos presentes en los laboratorios de F\u00edsica y Qu\u00edmica; conocer y respetar las normas de seguridad y de eliminaci\u00f3n de residuos para la protecci\u00f3n del medio ambiente.",
            "description": "FQ 3\u00ba ESO",
            "weight": 0.15,
            "level": 2,
            "parent": [
                2
            ]
        }
    },
    {
        "pk": 23,
        "model": "corrigeapp.Competence",
        "fields": {
            "code": "FQ3 1.4.1",
            "name": "Reconoce e identifica los s\u00edmbolos m\u00e1s frecuentes utilizados en el etiquetado de productos qu\u00edmicos e instalaciones, interpretando su significado.",
            "description": "FQ 3\u00ba ESO",
            "weight": 0.15,
            "level": 1,
            "parent": [
                22
            ]
        }
    },
    {
        "pk": 24,
        "model": "corrigeapp.Competence",
        "fields": {
            "code": "FQ3 1.4.2",
            "name": "Identifica material e instrumentos b\u00e1sicos de laboratorio y conoce su forma de utilizaci\u00f3n para la realizaci\u00f3n de experiencias respetando las normas de seguridad e identificando actitudes y medidas de actuaci\u00f3n preventivas.",
            "description": "FQ 3\u00ba ESO",
            "weight": 0.15,
            "level": 1,
            "parent": [
                22
            ]
        }
    },
    {
        "pk": 25,
        "model": "corrigeapp.Competence",
        "fields": {
            "code": "FQ3 1.5",
            "name": "Interpretar la informaci\u00f3n sobre temas cient\u00edficos de car\u00e1cter divulgativo que aparece en publicaciones y medios de comunicaci\u00f3n.",
            "description": "FQ 3\u00ba ESO",
            "weight": 0.15,
            "level": 2,
            "parent": [
                1,
                5
            ]
        }
    },
    {
        "pk": 26,
        "model": "corrigeapp.Competence",
        "fields": {
            "code": "FQ3 1.5.1",
            "name": "Selecciona, comprende e interpreta informaci\u00f3n relevante en un texto de divulgaci\u00f3n cient\u00edfica y transmite las conclusiones obtenidas utilizando el lenguaje oral y escrito con propiedad.",
            "description": "FQ 3\u00ba ESO",
            "weight": 0.15,
            "level": 1,
            "parent": [
                25
            ]
        }
    },
    {
        "pk": 27,
        "model": "corrigeapp.Competence",
        "fields": {
            "code": "FQ3 1.5.2",
            "name": "Identifica las principales caracter\u00edsticas ligadas a la fiabilidad y objetividad del flujo de informaci\u00f3n existente en internet y otros medios digitales.",
            "description": "FQ 3\u00ba ESO",
            "weight": 0.15,
            "level": 1,
            "parent": [
                25
            ]
        }
    },
    {
        "pk": 28,
        "model": "corrigeapp.Competence",
        "fields": {
            "code": "FQ3 1.6",
            "name": "Desarrollar y defender peque\u00f1os trabajos de investigaci\u00f3n en los que se ponga en pr\u00e1ctica la aplicaci\u00f3n del m\u00e9todo cient\u00edfico y la utilizaci\u00f3n de las TIC.",
            "description": "FQ 3\u00ba ESO",
            "weight": 0.15,
            "level": 2,
            "parent": [
                2
            ]
        }
    },
    {
        "pk": 29,
        "model": "corrigeapp.Competence",
        "fields": {
            "code": "FQ3 1.6.1",
            "name": "Realiza peque\u00f1os trabajos de investigaci\u00f3n sobre alg\u00fan tema objeto de estudio aplicando el m\u00e9todo cient\u00edfico, y utilizando las TIC para la b\u00fasqueda y selecci\u00f3n de informaci\u00f3n y presentaci\u00f3n de conclusiones.",
            "description": "FQ 3\u00ba ESO",
            "weight": 0.15,
            "level": 1,
            "parent": [
                28
            ]
        }
    },
    {
        "pk": 30,
        "model": "corrigeapp.Competence",
        "fields": {
            "code": "FQ3 1.6.2",
            "name": "Participa, valora, gestiona y respeta el trabajo individual y en equipo.",
            "description": "FQ 3\u00ba ESO",
            "weight": 0.15,
            "level": 1,
            "parent": [
                28
            ]
        }
    },
    {
        "pk": 31,
        "model": "corrigeapp.Competence",
        "fields": {
            "code": "FQ4 1.1",
            "name": "Reconocer que la investigaci\u00f3n en ciencia es una labor colectiva e interdisciplinar en constante evoluci\u00f3n e influida por el contexto econ\u00f3mico y pol\u00edtico.",
            "description": "FQ 4\u00ba ESO",
            "weight": 0.15,
            "level": 2,
            "parent": [
                11,
                12
            ]
        }
    },
    {
        "pk": 32,
        "model": "corrigeapp.Competence",
        "fields": {
            "code": "FQ4 1.2",
            "name": "Analizar el proceso que debe seguir una hip\u00f3tesis desde que se formula hasta que es aprobada por la comunidad cient\u00edfica.",
            "description": "FQ 4\u00ba ESO",
            "weight": 0.15,
            "level": 2,
            "parent": [
                9,
                11,
                12
            ]
        }
    },
    {
        "pk": 33,
        "model": "corrigeapp.Competence",
        "fields": {
            "code": "FQ4 1.3",
            "name": "Comprobar la necesidad de usar vectores para la definici\u00f3n de determinadas magnitudes.",
            "description": "FQ 4\u00ba ESO",
            "weight": 0.15,
            "level": 2,
            "parent": [
                9
            ]
        }
    },
    {
        "pk": 34,
        "model": "corrigeapp.Competence",
        "fields": {
            "code": "FQ4 1.4",
            "name": "Relacionar las magnitudes fundamentales con las derivadas a trav\u00e9s de ecuaciones de magnitudes.",
            "description": "FQ 4\u00ba ESO",
            "weight": 0.15,
            "level": 2,
            "parent": [
                9
            ]
        }
    },
    {
        "pk": 35,
        "model": "corrigeapp.Competence",
        "fields": {
            "code": "FQ4 1.5",
            "name": "Comprender que no es posible realizar medidas sin cometer errores y distinguir entre error absoluto y relativo.",
            "description": "FQ 4\u00ba ESO",
            "weight": 0.15,
            "level": 2,
            "parent": [
                9,
                11
            ]
        }
    },
    {
        "pk": 36,
        "model": "corrigeapp.Competence",
        "fields": {
            "code": "FQ4 1.6",
            "name": "Expresar el valor de una medida usando el redondeo, el n\u00famero de cifras significativas correctas y las unidades adecuadas.",
            "description": "FQ 4\u00ba ESO",
            "weight": 0.15,
            "level": 2,
            "parent": [
                9,
                11
            ]
        }
    },
    {
        "pk": 37,
        "model": "corrigeapp.Competence",
        "fields": {
            "code": "FQ4 1.7",
            "name": "Realizar e interpretar representaciones gr\u00e1ficas de procesos f\u00edsicos o qu\u00edmicos a partir de tablas de datos y de las leyes o principios involucrados.",
            "description": "FQ 4\u00ba ESO",
            "weight": 0.15,
            "level": 2,
            "parent": [
                9,
                11
            ]
        }
    },
    {
        "pk": 38,
        "model": "corrigeapp.Competence",
        "fields": {
            "code": "FQ4 1.8",
            "name": "Elaborar y defender un proyecto de investigaci\u00f3n, aplicando las TIC.",
            "description": "FQ 4\u00ba ESO",
            "weight": 0.15,
            "level": 2,
            "parent": [
                8,
                10,
                11,
                13
            ]
        }
    },
    {
        "pk": 1,
        "model": "corrigeapp.Subject",
        "fields": {
            "name": "F\u00edsica y Qu\u00edmica",
            "level": "3\u00ba",
            "grade": "SecondaryEducation",
            "description": "F\u00edsica y Qu\u00edmica",
            "competences": [
                2,
                15,
                16,
                17,
                18,
                19,
                20,
                21,
                22,
                23,
                24,
                25,
                26,
                27,
                28,
                29,
                30
            ]
        }
    },
    {
        "pk": 2,
        "model": "corrigeapp.Subject",
        "fields": {
            "name": "F\u00edsica y Qu\u00edmica",
            "level": "4\u00ba",
            "grade": "SecondaryEducation",
            "description": "F\u00edsica y Qu\u00edmica",
            "competences": [
                31,
                32,
                33,
                34,
                25,
                36,
                37,
                38
            ]
        }
    },
    {
        "pk": 3,
        "model": "corrigeapp.Subject",
        "fields": {
            "name": "Matem\u00e1ticas",
            "level": "3\u00ba",
            "grade": "SecondaryEducation",
            "description": "Matem\u00e1ticas",
            "competences": []
        }
    },
    {
        "pk": 4,
        "model": "corrigeapp.Subject",
        "fields": {
            "name": "Matem\u00e1ticas",
            "level": "4\u00ba",
            "grade": "SecondaryEducation",
            "description": "Matem\u00e1ticas",
            "competences": []
        }
    },
    {
        "pk": 1,
        "model": "corrigeapp.Set",
        "fields": {
            "name": "F\u00edsica y Q\u00faimica 3\u00baA ESO",
            "level": "3\u00ba",
            "grade": "SecondaryEducation",
            "line": "A",
            "teacher": 2,
            "subject": 1,
            "evaluation": 1,
            "students": [
                1,
                2,
                3,
                4,
                5,
                6,
                7,
                8,
                9,
                10,
                11,
                12,
                13,
                14,
                15
            ]
        }
    },
    {
        "pk": 2,
        "model": "corrigeapp.Set",
        "fields": {
            "name": "Matem\u00e1ticas 3\u00baA ESO",
            "level": "3\u00ba",
            "grade": "SecondaryEducation",
            "line": "A",
            "teacher": 2,
            "subject": 3,
            "evaluation": 9,
            "students": [
                1,
                2,
                3,
                4,
                5,
                6,
                7,
                8,
                9,
                10,
                11,
                12,
                13,
                14,
                15
            ]
        }
    },
    {
        "pk": 3,
        "model": "corrigeapp.Set",
        "fields": {
            "name": "F\u00edsica y Q\u00faimica 4\u00baA ESO",
            "level": "4\u00ba",
            "grade": "SecondaryEducation",
            "line": "A",
            "teacher": 2,
            "subject": 2,
            "evaluation": 5,
            "students": [
                16,
                17,
                18,
                19,
                20,
                21,
                22,
                23,
                24,
                25,
                26,
                27,
                28,
                29,
                30
            ]
        }
    },
    {
        "pk": 4,
        "model": "corrigeapp.Set",
        "fields": {
            "name": "Matem\u00e1ticas 4\u00baA ESO",
            "level": "4\u00ba",
            "grade": "SecondaryEducation",
            "line": "A",
            "teacher": 2,
            "subject": 4,
            "evaluation": 13,
            "students": [
                16,
                17,
                18,
                19,
                20,
                21,
                22,
                23,
                24,
                25,
                26,
                27,
                28,
                29,
                30
            ]
        }
    },
    {
        "pk": 1,
        "model": "corrigeapp.Evaluation",
        "fields": {
            "name": "F\u00edsica y Qu\u00edmica 3\u00ba ESO Final",
            "start_date": "2020-09-15",
            "end_date": "2021-06-19",
            "is_final": true,
            "period": "Final",
            "subject": 1
        }
    },
    {
        "pk": 2,
        "model": "corrigeapp.Evaluation",
        "fields": {
            "name": "F\u00edsica y Qu\u00edmica 3\u00ba ESO 1er Cuatrimestre",
            "start_date": "2020-09-15",
            "end_date": "2020-12-22",
            "is_final": false,
            "period": "1st",
            "parent": 1,
            "subject": 1
        }
    },
    {
        "pk": 3,
        "model": "corrigeapp.Evaluation",
        "fields": {
            "name": "F\u00edsica y Qu\u00edmica 3\u00ba ESO 2o Cuatrimestre",
            "start_date": "2021-01-07",
            "end_date": "2021-03-26",
            "is_final": false,
            "period": "2nd",
            "parent": 1,
            "subject": 1
        }
    },
    {
        "pk": 4,
        "model": "corrigeapp.Evaluation",
        "fields": {
            "name": "F\u00edsica y Qu\u00edmica 3\u00ba ESO 3er Cuatrimestre",
            "start_date": "2021-04-05",
            "end_date": "2021-06-19",
            "is_final": false,
            "period": "3tr",
            "parent": 1,
            "subject": 1
        }
    },
    {
        "pk": 5,
        "model": "corrigeapp.Evaluation",
        "fields": {
            "name": "F\u00edsica y Qu\u00edmica 4\u00ba ESO Final",
            "start_date": "2020-09-15",
            "end_date": "2021-06-19",
            "is_final": true,
            "period": "Final",
            "subject": 2
        }
    },
    {
        "pk": 6,
        "model": "corrigeapp.Evaluation",
        "fields": {
            "name": "F\u00edsica y Qu\u00edmica 4\u00ba ESO 1er Cuatrimestre",
            "start_date": "2020-09-15",
            "end_date": "2020-12-22",
            "is_final": false,
            "period": "1st",
            "parent": 5,
            "subject": 2
        }
    },
    {
        "pk": 7,
        "model": "corrigeapp.Evaluation",
        "fields": {
            "name": "F\u00edsica y Qu\u00edmica 4\u00ba ESO 2o Cuatrimestre",
            "start_date": "2021-01-07",
            "end_date": "2021-03-26",
            "is_final": false,
            "period": "2nd",
            "parent": 5,
            "subject": 2
        }
    },
    {
        "pk": 8,
        "model": "corrigeapp.Evaluation",
        "fields": {
            "name": "F\u00edsica y Qu\u00edmica 4\u00ba ESO 3er Cuatrimestre",
            "start_date": "2021-04-05",
            "end_date": "2021-06-19",
            "is_final": false,
            "period": "3tr",
            "parent": 5,
            "subject": 2
        }
    },
    {
        "pk": 9,
        "model": "corrigeapp.Evaluation",
        "fields": {
            "name": "Matem\u00e1ticas 3\u00ba ESO Final",
            "start_date": "2020-09-15",
            "end_date": "2021-06-19",
            "is_final": true,
            "period": "Final",
            "subject": 3
        }
    },
    {
        "pk": 10,
        "model": "corrigeapp.Evaluation",
        "fields": {
            "name": "Matem\u00e1ticas 3\u00ba ESO 1er Cuatrimestre",
            "start_date": "2020-09-15",
            "end_date": "2020-12-22",
            "is_final": false,
            "period": "1st",
            "parent": 9,
            "subject": 3
        }
    },
    {
        "pk": 11,
        "model": "corrigeapp.Evaluation",
        "fields": {
            "name": "Matem\u00e1ticas 3\u00ba ESO 2o Cuatrimestre",
            "start_date": "2021-01-07",
            "end_date": "2021-03-26",
            "is_final": false,
            "period": "2nd",
            "parent": 9,
            "subject": 3
        }
    },
    {
        "pk": 12,
        "model": "corrigeapp.Evaluation",
        "fields": {
            "name": "Matem\u00e1ticas 3\u00ba ESO 3er Cuatrimestre",
            "start_date": "2021-04-05",
            "end_date": "2021-06-19",
            "is_final": false,
            "period": "3tr",
            "parent": 9,
            "subject": 3
        }
    },
    {
        "pk": 13,
        "model": "corrigeapp.Evaluation",
        "fields": {
            "name": "Matem\u00e1ticas 4\u00ba ESO Final",
            "start_date": "2020-09-15",
            "end_date": "2021-06-19",
            "is_final": true,
            "period": "Final",
            "subject": 4
        }
    },
    {
        "pk": 14,
        "model": "corrigeapp.Evaluation",
        "fields": {
            "name": "Matem\u00e1ticas 4\u00ba ESO 1er Cuatrimestre",
            "start_date": "2020-09-15",
            "end_date": "2020-12-22",
            "is_final": false,
            "period": "1st",
            "parent": 13,
            "subject": 4
        }
    },
    {
        "pk": 15,
        "model": "corrigeapp.Evaluation",
        "fields": {
            "name": "Matem\u00e1ticas 4\u00ba ESO 2o Cuatrimestre",
            "start_date": "2021-01-07",
            "end_date": "2021-03-26",
            "is_final": false,
            "period": "2nd",
            "parent": 13,
            "subject": 4
        }
    },
    {
        "pk": 16,
        "model": "corrigeapp.Evaluation",
        "fields": {
            "name": "Matem\u00e1ticas 4\u00ba ESO 3er Cuatrimestre",
            "start_date": "2021-04-05",
            "end_date": "2021-06-19",
            "is_final": false,
            "period": "3tr",
            "parent": 13,
            "subject": 4
        }
    },
    {
        "pk": 1,
        "model": "corrigeapp.Activity",
        "fields": {
            "title": "Examen 1",
            "date": "2020-11-04",
            "weight": 1,
            "is_recovery": false,
            "set_activity": 1,
            "evaluation": 2,
            "subject": 1
        }
    },
    {
        "pk": 2,
        "model": "corrigeapp.Activity",
        "fields": {
            "title": "Examen 2",
            "date": "2021-01-22",
            "weight": 1,
            "is_recovery": false,
            "set_activity": 1,
            "evaluation": 3,
            "subject": 1
        }
    },
    {
        "pk": 3,
        "model": "corrigeapp.Activity",
        "fields": {
            "title": "Examen 3",
            "date": "2021-05-26",
            "weight": 1,
            "is_recovery": false,
            "set_activity": 1,
            "evaluation": 4,
            "subject": 1
        }
    },
    {
        "pk": 4,
        "model": "corrigeapp.Activity",
        "fields": {
            "title": "Examen 1",
            "date": "2020-11-04",
            "weight": 1,
            "is_recovery": false,
            "set_activity": 3,
            "evaluation": 6,
            "subject": 2
        }
    },
    {
        "pk": 5,
        "model": "corrigeapp.Activity",
        "fields": {
            "title": "Examen 2",
            "date": "2021-01-22",
            "weight": 1,
            "is_recovery": false,
            "set_activity": 3,
            "evaluation": 7,
            "subject": 2
        }
    },
    {
        "pk": 6,
        "model": "corrigeapp.Activity",
        "fields": {
            "title": "Examen 3",
            "date": "2021-05-26",
            "weight": 1,
            "is_recovery": false,
            "set_activity": 3,
            "evaluation": 8,
            "subject": 2
        }
    },
    {
        "pk": 1,
        "model": "corrigeapp.Exercise",
        "fields": {
            "weight": 1,
            "statement": "Example statement 1",
            "activity": 1
        }
    },
    {
        "pk": 2,
        "model": "corrigeapp.Exercise",
        "fields": {
            "weight": 1,
            "statement": "Example statement 2",
            "activity": 1
        }
    },
    {
        "pk": 3,
        "model": "corrigeapp.Exercise",
        "fields": {
            "weight": 1,
            "statement": "Example statement 3",
            "activity": 1
        }
    },
    {
        "pk": 4,
        "model": "corrigeapp.Exercise",
        "fields": {
            "weight": 1,
            "statement": "Example statement 4",
            "activity": 1
        }
    },
    {
        "pk": 5,
        "model": "corrigeapp.Exercise",
        "fields": {
            "weight": 1,
            "statement": "Example statement 5",
            "activity": 1
        }
    },
    {
        "pk": 6,
        "model": "corrigeapp.Exercise",
        "fields": {
            "weight": 1,
            "statement": "Example statement 6",
            "activity": 1
        }
    },
    {
        "pk": 7,
        "model": "corrigeapp.Exercise",
        "fields": {
            "weight": 1,
            "statement": "Example statement 1",
            "activity": 2
        }
    },
    {
        "pk": 1,
        "model": "corrigeapp.Exercise_competence",
        "fields": {
            "intensity": 1,
            "weight": 1,
            "exercise": 1,
            "competence": 16
        }
    },
    {
        "pk": 2,
        "model": "corrigeapp.Exercise_competence",
        "fields": {
            "intensity": 1,
            "weight": 1,
            "exercise": 2,
            "competence": 17
        }
    },
    {
        "pk": 3,
        "model": "corrigeapp.Exercise_competence",
        "fields": {
            "intensity": 1,
            "weight": 1,
            "exercise": 3,
            "competence": 19
        }
    },
    {
        "pk": 4,
        "model": "corrigeapp.Exercise_competence",
        "fields": {
            "intensity": 1,
            "weight": 1,
            "exercise": 4,
            "competence": 21
        }
    },
    {
        "pk": 5,
        "model": "corrigeapp.Exercise_competence",
        "fields": {
            "intensity": 1,
            "weight": 1,
            "exercise": 5,
            "competence": 23
        }
    },
    {
        "pk": 6,
        "model": "corrigeapp.Exercise_competence",
        "fields": {
            "intensity": 1,
            "weight": 1,
            "exercise": 6,
            "competence": 24
        }
    }
]